projectID,project_type,extraction_order,date,site_name,filter_replicate,FilterID,vol_filtered_ml,location,location_broad,extraction_date,control,month,year,field_notes,technical_replicate,Cq,target,relative_conc_ng/uL,relative_conc_weighted_by_vol
FWSLOD-2022-Loach pilot study,eDNA,56,3/21/2022,A7R,1,20220321A7R1,50,A7R,San Luis Wildlife Refuge,5/9/2022,Sample,March,2022,NA,1,33.79138947,LSL/FSL,7.80E-05,1.56E-06
FWSLOD-2022-Loach pilot study,eDNA,73,3/28/2022,L11R,1,20220328L11R1,125,L11R,San Luis Wildlife Refuge,5/11/2022,Sample,March,2022,NA,1,34.96215057,LSL/FSL,3.54E-05,2.83E-07
FWSLOD-2022-Loach pilot study,eDNA,87,3/28/2022,L16R,3,20220328L16R3,75,L16R,San Luis Wildlife Refuge,5/11/2022,Sample,March,2022,NA,3,35.3665657,LSL/FSL,2.69E-05,3.59E-07
FWSLOD-2022-Loach pilot study,eDNA,87,3/28/2022,L16R,3,20220328L16R3,75,L16R,San Luis Wildlife Refuge,5/11/2022,Sample,March,2022,NA,1,35.3970871,LSL/FSL,2.64E-05,3.52E-07
FWSLOD-2022-Loach pilot study,eDNA,56,3/21/2022,A7R,1,20220321A7R1,50,A7R,San Luis Wildlife Refuge,5/9/2022,Sample,March,2022,NA,3,35.51632309,LSL/FSL,2.43E-05,4.87E-07
FWSLOD-2022-Loach pilot study,eDNA,86,3/28/2022,L16R,2,20220328L16R2,100,L16R,San Luis Wildlife Refuge,5/11/2022,Sample,March,2022,NA,1,35.66329956,LSL/FSL,2.20E-05,2.20E-07
FWSLOD-2022-Loach pilot study,eDNA,86,3/28/2022,L16R,2,20220328L16R2,100,L16R,San Luis Wildlife Refuge,5/11/2022,Sample,March,2022,NA,2,35.69906616,LSL/FSL,2.15E-05,2.15E-07
FWSLOD-2022-Loach pilot study,eDNA,63,3/28/2022,L17R,3,20220328L17R3,125,L17R,San Luis Wildlife Refuge,5/11/2022,Sample,March,2022,NA,3,35.70832443,LSL/FSL,2.14E-05,1.71E-07
FWSLOD-2022-Loach pilot study,eDNA,87,3/28/2022,L16R,3,20220328L16R3,75,L16R,San Luis Wildlife Refuge,5/11/2022,Sample,March,2022,NA,2,35.75522232,LSL/FSL,2.07E-05,2.76E-07
FWSLOD-2022-Loach pilot study,eDNA,57,3/21/2022,A7R,2,20220321A7R2,50,A7R,San Luis Wildlife Refuge,5/9/2022,Sample,March,2022,NA,1,35.85776138,LSL/FSL,1.93E-05,3.87E-07
FWSLOD-2022-Loach pilot study,eDNA,58,3/21/2022,A7R,3,20220321A7R3,75,A7R,San Luis Wildlife Refuge,5/9/2022,Sample,March,2022,NA,1,35.89805603,LSL/FSL,1.88E-05,2.51E-07
FWSLOD-2022-Loach pilot study,eDNA,57,3/21/2022,A7R,2,20220321A7R2,50,A7R,San Luis Wildlife Refuge,5/9/2022,Sample,March,2022,NA,3,35.90458679,LSL/FSL,1.87E-05,3.75E-07
FWSLOD-2022-Loach pilot study,eDNA,22,3/15/2022,WP6R,3,20220315WP6R3,150,WP6R,San Luis Wildlife Refuge,5/6/2022,Sample,March,2022,NA,3,36.03765106,LSL/FSL,1.71E-05,1.14E-07
FWSLOD-2022-Loach pilot study,eDNA,73,3/28/2022,L11R,1,20220328L11R1,125,L11R,San Luis Wildlife Refuge,5/11/2022,Sample,March,2022,NA,3,36.04417038,LSL/FSL,1.70E-05,1.36E-07
FWSLOD-2022-Loach pilot study,eDNA,3,3/14/2022,WP1R,2,20220314WP1R2,200,WP1R,San Luis Wildlife Refuge,5/6/2022,Sample,March,2022,NA,3,36.12353134,LSL/FSL,1.62E-05,8.08E-08
FWSLOD-2022-Loach pilot study,eDNA,75,3/28/2022,L11R,3,20220328L11R3,150,L11R,San Luis Wildlife Refuge,5/11/2022,Sample,March,2022,NA,3,36.13238525,LSL/FSL,1.61E-05,1.07E-07
FWSLOD-2022-Loach pilot study,eDNA,56,3/21/2022,A7R,1,20220321A7R1,50,A7R,San Luis Wildlife Refuge,5/9/2022,Sample,March,2022,NA,2,36.19446182,LSL/FSL,1.54E-05,3.08E-07
FWSLOD-2022-Loach pilot study,eDNA,85,3/28/2022,L16R,1,20220328L16R1,100,L16R,San Luis Wildlife Refuge,5/11/2022,Sample,March,2022,NA,2,36.19668579,LSL/FSL,1.54E-05,1.54E-07
FWSLOD-2022-Loach pilot study,eDNA,73,3/28/2022,L11R,1,20220328L11R1,125,L11R,San Luis Wildlife Refuge,5/11/2022,Sample,March,2022,NA,2,36.49301529,LSL/FSL,1.26E-05,1.01E-07
FWSLOD-2022-Loach pilot study,eDNA,85,3/28/2022,L16R,1,20220328L16R1,100,L16R,San Luis Wildlife Refuge,5/11/2022,Sample,March,2022,NA,3,36.54501724,LSL/FSL,1.22E-05,1.22E-07
FWSLOD-2022-Loach pilot study,eDNA,31,3/21/2022,D2R,3,20220321D2R3,1975,D2R,San Luis Wildlife Refuge,5/9/2022,Sample,March,2022,NA,1,36.62512207,LSL/FSL,1.15E-05,5.83E-09
FWSLOD-2022-Loach pilot study,eDNA,58,3/21/2022,A7R,3,20220321A7R3,75,A7R,San Luis Wildlife Refuge,5/9/2022,Sample,March,2022,NA,3,36.8092041,LSL/FSL,1.02E-05,1.36E-07
FWSLOD-2022-Loach pilot study,eDNA,85,3/28/2022,L16R,1,20220328L16R1,100,L16R,San Luis Wildlife Refuge,5/11/2022,Sample,March,2022,NA,1,36.83161163,LSL/FSL,1.00E-05,1.00E-07
FWSLOD-2022-Loach pilot study,eDNA,74,3/28/2022,L11R,2,20220328L11R2,125,L11R,San Luis Wildlife Refuge,5/11/2022,Sample,March,2022,NA,2,36.84295273,LSL/FSL,9.94E-06,7.95E-08
FWSLOD-2022-Loach pilot study,eDNA,75,3/28/2022,L11R,3,20220328L11R3,150,L11R,San Luis Wildlife Refuge,5/11/2022,Sample,March,2022,NA,1,36.85638809,LSL/FSL,9.85E-06,6.57E-08
FWSLOD-2022-Loach pilot study,eDNA,58,3/21/2022,A7R,3,20220321A7R3,75,A7R,San Luis Wildlife Refuge,5/9/2022,Sample,March,2022,NA,2,36.9064064,LSL/FSL,9.53E-06,1.27E-07
FWSLOD-2022-Loach pilot study,eDNA,31,3/21/2022,D2R,3,20220321D2R3,1975,D2R,San Luis Wildlife Refuge,5/9/2022,Sample,March,2022,NA,2,37.13939285,LSL/FSL,8.14E-06,4.12E-09
FWSLOD-2022-Loach pilot study,eDNA,57,3/21/2022,A7R,2,20220321A7R2,50,A7R,San Luis Wildlife Refuge,5/9/2022,Sample,March,2022,NA,2,38.08004379,LSL/FSL,4.31E-06,8.63E-08
FWSLOD-2022-Loach pilot study,eDNA,1,3/6/2022,EXCT,NA,20220306EXCT,NA,Extraction Control,Extraction Control,5/6/2022,Control,March,2022,NA,3,40,LSL/FSL,0,0
FWSLOD-2022-Loach pilot study,eDNA,1,3/6/2022,EXCT,NA,20220306EXCT,NA,Extraction Control,Extraction Control,5/6/2022,Control,March,2022,NA,2,40,LSL/FSL,0,0
FWSLOD-2022-Loach pilot study,eDNA,1,3/6/2022,EXCT,NA,20220306EXCT,NA,Extraction Control,Extraction Control,5/6/2022,Control,March,2022,NA,1,40,LSL/FSL,0,0
FWSLOD-2022-Loach pilot study,eDNA,1,3/6/2022,EXCT,NA,20220306EXCT,NA,Extraction Control,Extraction Control,5/6/2022,Control,March,2022,NA,1,40,PL,0,0
FWSLOD-2022-Loach pilot study,eDNA,1,3/6/2022,EXCT,NA,20220306EXCT,NA,Extraction Control,Extraction Control,5/6/2022,Control,March,2022,NA,2,40,PL,0,0
FWSLOD-2022-Loach pilot study,eDNA,1,3/6/2022,EXCT,NA,20220306EXCT,NA,Extraction Control,Extraction Control,5/6/2022,Control,March,2022,NA,3,40,PL,0,0
FWSLOD-2022-Loach pilot study,eDNA,27,3/14/2022,FLDCT,NA,20220314FLDCT,500,Field Control,Field Control,5/9/2022,Control,March,2022,NA,2,40,LSL/FSL,0,0
FWSLOD-2022-Loach pilot study,eDNA,27,3/14/2022,FLDCT,NA,20220314FLDCT,500,Field Control,Field Control,5/9/2022,Control,March,2022,NA,1,40,LSL/FSL,0,0
FWSLOD-2022-Loach pilot study,eDNA,27,3/14/2022,FLDCT,NA,20220314FLDCT,500,Field Control,Field Control,5/9/2022,Control,March,2022,NA,3,40,LSL/FSL,0,0
FWSLOD-2022-Loach pilot study,eDNA,27,3/14/2022,FLDCT,NA,20220314FLDCT,500,Field Control,Field Control,5/9/2022,Control,March,2022,NA,3,40,PL,0,0
FWSLOD-2022-Loach pilot study,eDNA,27,3/14/2022,FLDCT,NA,20220314FLDCT,500,Field Control,Field Control,5/9/2022,Control,March,2022,NA,1,40,PL,0,0
FWSLOD-2022-Loach pilot study,eDNA,27,3/14/2022,FLDCT,NA,20220314FLDCT,500,Field Control,Field Control,5/9/2022,Control,March,2022,NA,2,40,PL,0,0
FWSLOD-2022-Loach pilot study,eDNA,28,3/15/2022,FLDCT,NA,20220315FLDCT,500,Field Control,Field Control,5/9/2022,Control,March,2022,NA,3,40,LSL/FSL,0,0
FWSLOD-2022-Loach pilot study,eDNA,28,3/15/2022,FLDCT,NA,20220315FLDCT,500,Field Control,Field Control,5/9/2022,Control,March,2022,NA,2,40,LSL/FSL,0,0
FWSLOD-2022-Loach pilot study,eDNA,28,3/15/2022,FLDCT,NA,20220315FLDCT,500,Field Control,Field Control,5/9/2022,Control,March,2022,NA,1,40,LSL/FSL,0,0
FWSLOD-2022-Loach pilot study,eDNA,28,3/15/2022,FLDCT,NA,20220315FLDCT,500,Field Control,Field Control,5/9/2022,Control,March,2022,NA,1,40,PL,0,0
FWSLOD-2022-Loach pilot study,eDNA,28,3/15/2022,FLDCT,NA,20220315FLDCT,500,Field Control,Field Control,5/9/2022,Control,March,2022,NA,3,40,PL,0,0
FWSLOD-2022-Loach pilot study,eDNA,28,3/15/2022,FLDCT,NA,20220315FLDCT,500,Field Control,Field Control,5/9/2022,Control,March,2022,NA,2,40,PL,0,0
FWSLOD-2022-Loach pilot study,eDNA,59,3/21/2022,FLDCT,NA,20220321FLDCT,500,Field Control,Field Control,5/9/2022,Control,March,2022,NA,1,40,LSL/FSL,0,0
FWSLOD-2022-Loach pilot study,eDNA,59,3/21/2022,FLDCT,NA,20220321FLDCT,500,Field Control,Field Control,5/9/2022,Control,March,2022,NA,3,40,LSL/FSL,0,0
FWSLOD-2022-Loach pilot study,eDNA,59,3/21/2022,FLDCT,NA,20220321FLDCT,500,Field Control,Field Control,5/9/2022,Control,March,2022,NA,2,40,LSL/FSL,0,0
FWSLOD-2022-Loach pilot study,eDNA,59,3/21/2022,FLDCT,NA,20220321FLDCT,500,Field Control,Field Control,5/9/2022,Control,March,2022,NA,2,40,PL,0,0
FWSLOD-2022-Loach pilot study,eDNA,59,3/21/2022,FLDCT,NA,20220321FLDCT,500,Field Control,Field Control,5/9/2022,Control,March,2022,NA,3,40,PL,0,0
FWSLOD-2022-Loach pilot study,eDNA,59,3/21/2022,FLDCT,NA,20220321FLDCT,500,Field Control,Field Control,5/9/2022,Control,March,2022,NA,1,40,PL,0,0
FWSLOD-2022-Loach pilot study,eDNA,91,3/28/2022,FLDCT,NA,20220328FLDCT,500,Field Control,Field Control,5/11/2022,Control,March,2022,NA,2,40,LSL/FSL,0,0
FWSLOD-2022-Loach pilot study,eDNA,91,3/28/2022,FLDCT,NA,20220328FLDCT,500,Field Control,Field Control,5/11/2022,Control,March,2022,NA,3,40,LSL/FSL,0,0
FWSLOD-2022-Loach pilot study,eDNA,91,3/28/2022,FLDCT,NA,20220328FLDCT,500,Field Control,Field Control,5/11/2022,Control,March,2022,NA,1,40,LSL/FSL,0,0
FWSLOD-2022-Loach pilot study,eDNA,91,3/28/2022,FLDCT,NA,20220328FLDCT,500,Field Control,Field Control,5/11/2022,Control,March,2022,NA,3,40,PL,0,0
FWSLOD-2022-Loach pilot study,eDNA,91,3/28/2022,FLDCT,NA,20220328FLDCT,500,Field Control,Field Control,5/11/2022,Control,March,2022,NA,1,40,PL,0,0
FWSLOD-2022-Loach pilot study,eDNA,91,3/28/2022,FLDCT,NA,20220328FLDCT,500,Field Control,Field Control,5/11/2022,Control,March,2022,NA,2,40,PL,0,0
FWSLOD-2022-Loach pilot study,eDNA,25,5/9/2022,EXCT,NA,20220509EXCT,NA,Extraction Control,Extraction Control,5/9/2022,Control,May,2022,NA,3,40,LSL/FSL,0,0
FWSLOD-2022-Loach pilot study,eDNA,25,5/9/2022,EXCT,NA,20220509EXCT,NA,Extraction Control,Extraction Control,5/9/2022,Control,May,2022,NA,2,40,LSL/FSL,0,0
FWSLOD-2022-Loach pilot study,eDNA,25,5/9/2022,EXCT,NA,20220509EXCT,NA,Extraction Control,Extraction Control,5/9/2022,Control,May,2022,NA,1,40,LSL/FSL,0,0
FWSLOD-2022-Loach pilot study,eDNA,25,5/9/2022,EXCT,NA,20220509EXCT,NA,Extraction Control,Extraction Control,5/9/2022,Control,May,2022,NA,1,40,PL,0,0
FWSLOD-2022-Loach pilot study,eDNA,25,5/9/2022,EXCT,NA,20220509EXCT,NA,Extraction Control,Extraction Control,5/9/2022,Control,May,2022,NA,3,40,PL,0,0
FWSLOD-2022-Loach pilot study,eDNA,25,5/9/2022,EXCT,NA,20220509EXCT,NA,Extraction Control,Extraction Control,5/9/2022,Control,May,2022,NA,2,40,PL,0,0
FWSLOD-2022-Loach pilot study,eDNA,11,3/14/2022,P1R,1,20220314P1R1,100,P1R,San Luis Wildlife Refuge,5/6/2022,Sample,March,2022,NA,1,40,LSL/FSL,0,0
FWSLOD-2022-Loach pilot study,eDNA,12,3/14/2022,P1R,2,20220314P1R2,225,P1R,San Luis Wildlife Refuge,5/6/2022,Sample,March,2022,NA,1,40,LSL/FSL,0,0
FWSLOD-2022-Loach pilot study,eDNA,9,3/14/2022,P2R,2,20220314P2R2,350,P2R,San Luis Wildlife Refuge,5/6/2022,Sample,March,2022,NA,3,40,LSL/FSL,0,0
FWSLOD-2022-Loach pilot study,eDNA,5,3/14/2022,WP2R,1,20220314WP2R1,450,WP2R,San Luis Wildlife Refuge,5/6/2022,Sample,March,2022,NA,1,40,LSL/FSL,0,0
FWSLOD-2022-Loach pilot study,eDNA,3,3/14/2022,WP1R,2,20220314WP1R2,200,WP1R,San Luis Wildlife Refuge,5/6/2022,Sample,March,2022,NA,1,40,LSL/FSL,0,0
FWSLOD-2022-Loach pilot study,eDNA,9,3/14/2022,P2R,2,20220314P2R2,350,P2R,San Luis Wildlife Refuge,5/6/2022,Sample,March,2022,NA,1,40,LSL/FSL,0,0
FWSLOD-2022-Loach pilot study,eDNA,4,3/14/2022,WP1R,3,20220314WP1R3,200,WP1R,San Luis Wildlife Refuge,5/6/2022,Sample,March,2022,NA,3,40,LSL/FSL,0,0
FWSLOD-2022-Loach pilot study,eDNA,13,3/14/2022,P1R,3,20220314P1R3,200,P1R,San Luis Wildlife Refuge,5/6/2022,Sample,March,2022,NA,2,40,LSL/FSL,0,0
FWSLOD-2022-Loach pilot study,eDNA,8,3/14/2022,P2R,1,20220314P2R1,375,P2R,San Luis Wildlife Refuge,5/6/2022,Sample,March,2022,NA,1,40,LSL/FSL,0,0
FWSLOD-2022-Loach pilot study,eDNA,7,3/14/2022,WP2R,3,20220314WP2R3,325,WP2R,San Luis Wildlife Refuge,5/6/2022,Sample,March,2022,NA,2,40,LSL/FSL,0,0
FWSLOD-2022-Loach pilot study,eDNA,13,3/14/2022,P1R,3,20220314P1R3,200,P1R,San Luis Wildlife Refuge,5/6/2022,Sample,March,2022,NA,1,40,LSL/FSL,0,0
FWSLOD-2022-Loach pilot study,eDNA,8,3/14/2022,P2R,1,20220314P2R1,375,P2R,San Luis Wildlife Refuge,5/6/2022,Sample,March,2022,NA,3,40,LSL/FSL,0,0
FWSLOD-2022-Loach pilot study,eDNA,6,3/14/2022,WP2R,2,20220314WP2R2,275,WP2R,San Luis Wildlife Refuge,5/6/2022,Sample,March,2022,NA,3,40,LSL/FSL,0,0
FWSLOD-2022-Loach pilot study,eDNA,2,3/14/2022,WP1R,1,20220314WP1R1,90,WP1R,San Luis Wildlife Refuge,5/6/2022,Sample,March,2022,NA,1,40,LSL/FSL,0,0
FWSLOD-2022-Loach pilot study,eDNA,5,3/14/2022,WP2R,1,20220314WP2R1,450,WP2R,San Luis Wildlife Refuge,5/6/2022,Sample,March,2022,NA,2,40,LSL/FSL,0,0
FWSLOD-2022-Loach pilot study,eDNA,10,3/14/2022,P2R,3,20220314P2R3,500,P2R,San Luis Wildlife Refuge,5/6/2022,Sample,March,2022,NA,3,40,LSL/FSL,0,0
FWSLOD-2022-Loach pilot study,eDNA,10,3/14/2022,P2R,3,20220314P2R3,500,P2R,San Luis Wildlife Refuge,5/6/2022,Sample,March,2022,NA,2,40,LSL/FSL,0,0
FWSLOD-2022-Loach pilot study,eDNA,11,3/14/2022,P1R,1,20220314P1R1,100,P1R,San Luis Wildlife Refuge,5/6/2022,Sample,March,2022,NA,3,40,LSL/FSL,0,0
FWSLOD-2022-Loach pilot study,eDNA,4,3/14/2022,WP1R,3,20220314WP1R3,200,WP1R,San Luis Wildlife Refuge,5/6/2022,Sample,March,2022,NA,2,40,LSL/FSL,0,0
FWSLOD-2022-Loach pilot study,eDNA,2,3/14/2022,WP1R,1,20220314WP1R1,90,WP1R,San Luis Wildlife Refuge,5/6/2022,Sample,March,2022,NA,3,40,LSL/FSL,0,0
FWSLOD-2022-Loach pilot study,eDNA,4,3/14/2022,WP1R,3,20220314WP1R3,200,WP1R,San Luis Wildlife Refuge,5/6/2022,Sample,March,2022,NA,1,40,LSL/FSL,0,0
FWSLOD-2022-Loach pilot study,eDNA,13,3/14/2022,P1R,3,20220314P1R3,200,P1R,San Luis Wildlife Refuge,5/6/2022,Sample,March,2022,NA,3,40,LSL/FSL,0,0
FWSLOD-2022-Loach pilot study,eDNA,5,3/14/2022,WP2R,1,20220314WP2R1,450,WP2R,San Luis Wildlife Refuge,5/6/2022,Sample,March,2022,NA,3,40,LSL/FSL,0,0
FWSLOD-2022-Loach pilot study,eDNA,6,3/14/2022,WP2R,2,20220314WP2R2,275,WP2R,San Luis Wildlife Refuge,5/6/2022,Sample,March,2022,NA,2,40,LSL/FSL,0,0
FWSLOD-2022-Loach pilot study,eDNA,9,3/14/2022,P2R,2,20220314P2R2,350,P2R,San Luis Wildlife Refuge,5/6/2022,Sample,March,2022,NA,2,40,LSL/FSL,0,0
FWSLOD-2022-Loach pilot study,eDNA,7,3/14/2022,WP2R,3,20220314WP2R3,325,WP2R,San Luis Wildlife Refuge,5/6/2022,Sample,March,2022,NA,3,40,LSL/FSL,0,0
FWSLOD-2022-Loach pilot study,eDNA,2,3/14/2022,WP1R,1,20220314WP1R1,90,WP1R,San Luis Wildlife Refuge,5/6/2022,Sample,March,2022,NA,2,40,LSL/FSL,0,0
FWSLOD-2022-Loach pilot study,eDNA,12,3/14/2022,P1R,2,20220314P1R2,225,P1R,San Luis Wildlife Refuge,5/6/2022,Sample,March,2022,NA,3,40,LSL/FSL,0,0
FWSLOD-2022-Loach pilot study,eDNA,12,3/14/2022,P1R,2,20220314P1R2,225,P1R,San Luis Wildlife Refuge,5/6/2022,Sample,March,2022,NA,2,40,LSL/FSL,0,0
FWSLOD-2022-Loach pilot study,eDNA,8,3/14/2022,P2R,1,20220314P2R1,375,P2R,San Luis Wildlife Refuge,5/6/2022,Sample,March,2022,NA,2,40,LSL/FSL,0,0
FWSLOD-2022-Loach pilot study,eDNA,10,3/14/2022,P2R,3,20220314P2R3,500,P2R,San Luis Wildlife Refuge,5/6/2022,Sample,March,2022,NA,1,40,LSL/FSL,0,0
FWSLOD-2022-Loach pilot study,eDNA,6,3/14/2022,WP2R,2,20220314WP2R2,275,WP2R,San Luis Wildlife Refuge,5/6/2022,Sample,March,2022,NA,1,40,LSL/FSL,0,0
FWSLOD-2022-Loach pilot study,eDNA,7,3/14/2022,WP2R,3,20220314WP2R3,325,WP2R,San Luis Wildlife Refuge,5/6/2022,Sample,March,2022,NA,1,40,LSL/FSL,0,0
FWSLOD-2022-Loach pilot study,eDNA,11,3/14/2022,P1R,1,20220314P1R1,100,P1R,San Luis Wildlife Refuge,5/6/2022,Sample,March,2022,NA,2,40,LSL/FSL,0,0
FWSLOD-2022-Loach pilot study,eDNA,3,3/14/2022,WP1R,2,20220314WP1R2,200,WP1R,San Luis Wildlife Refuge,5/6/2022,Sample,March,2022,NA,2,40,LSL/FSL,0,0
FWSLOD-2022-Loach pilot study,eDNA,2,3/14/2022,WP1R,1,20220314WP1R1,90,WP1R,San Luis Wildlife Refuge,5/6/2022,Sample,March,2022,NA,2,40,PL,0,0
FWSLOD-2022-Loach pilot study,eDNA,11,3/14/2022,P1R,1,20220314P1R1,100,P1R,San Luis Wildlife Refuge,5/6/2022,Sample,March,2022,NA,1,40,PL,0,0
FWSLOD-2022-Loach pilot study,eDNA,11,3/14/2022,P1R,1,20220314P1R1,100,P1R,San Luis Wildlife Refuge,5/6/2022,Sample,March,2022,NA,2,40,PL,0,0
FWSLOD-2022-Loach pilot study,eDNA,11,3/14/2022,P1R,1,20220314P1R1,100,P1R,San Luis Wildlife Refuge,5/6/2022,Sample,March,2022,NA,3,40,PL,0,0
FWSLOD-2022-Loach pilot study,eDNA,12,3/14/2022,P1R,2,20220314P1R2,225,P1R,San Luis Wildlife Refuge,5/6/2022,Sample,March,2022,NA,2,40,PL,0,0
FWSLOD-2022-Loach pilot study,eDNA,12,3/14/2022,P1R,2,20220314P1R2,225,P1R,San Luis Wildlife Refuge,5/6/2022,Sample,March,2022,NA,3,40,PL,0,0
FWSLOD-2022-Loach pilot study,eDNA,12,3/14/2022,P1R,2,20220314P1R2,225,P1R,San Luis Wildlife Refuge,5/6/2022,Sample,March,2022,NA,1,40,PL,0,0
FWSLOD-2022-Loach pilot study,eDNA,13,3/14/2022,P1R,3,20220314P1R3,200,P1R,San Luis Wildlife Refuge,5/6/2022,Sample,March,2022,NA,1,40,PL,0,0
FWSLOD-2022-Loach pilot study,eDNA,13,3/14/2022,P1R,3,20220314P1R3,200,P1R,San Luis Wildlife Refuge,5/6/2022,Sample,March,2022,NA,2,40,PL,0,0
FWSLOD-2022-Loach pilot study,eDNA,13,3/14/2022,P1R,3,20220314P1R3,200,P1R,San Luis Wildlife Refuge,5/6/2022,Sample,March,2022,NA,3,40,PL,0,0
FWSLOD-2022-Loach pilot study,eDNA,8,3/14/2022,P2R,1,20220314P2R1,375,P2R,San Luis Wildlife Refuge,5/6/2022,Sample,March,2022,NA,3,40,PL,0,0
FWSLOD-2022-Loach pilot study,eDNA,8,3/14/2022,P2R,1,20220314P2R1,375,P2R,San Luis Wildlife Refuge,5/6/2022,Sample,March,2022,NA,1,40,PL,0,0
FWSLOD-2022-Loach pilot study,eDNA,8,3/14/2022,P2R,1,20220314P2R1,375,P2R,San Luis Wildlife Refuge,5/6/2022,Sample,March,2022,NA,2,40,PL,0,0
FWSLOD-2022-Loach pilot study,eDNA,9,3/14/2022,P2R,2,20220314P2R2,350,P2R,San Luis Wildlife Refuge,5/6/2022,Sample,March,2022,NA,3,40,PL,0,0
FWSLOD-2022-Loach pilot study,eDNA,9,3/14/2022,P2R,2,20220314P2R2,350,P2R,San Luis Wildlife Refuge,5/6/2022,Sample,March,2022,NA,2,40,PL,0,0
FWSLOD-2022-Loach pilot study,eDNA,9,3/14/2022,P2R,2,20220314P2R2,350,P2R,San Luis Wildlife Refuge,5/6/2022,Sample,March,2022,NA,1,40,PL,0,0
FWSLOD-2022-Loach pilot study,eDNA,10,3/14/2022,P2R,3,20220314P2R3,500,P2R,San Luis Wildlife Refuge,5/6/2022,Sample,March,2022,NA,1,40,PL,0,0
FWSLOD-2022-Loach pilot study,eDNA,10,3/14/2022,P2R,3,20220314P2R3,500,P2R,San Luis Wildlife Refuge,5/6/2022,Sample,March,2022,NA,2,40,PL,0,0
FWSLOD-2022-Loach pilot study,eDNA,10,3/14/2022,P2R,3,20220314P2R3,500,P2R,San Luis Wildlife Refuge,5/6/2022,Sample,March,2022,NA,3,40,PL,0,0
FWSLOD-2022-Loach pilot study,eDNA,2,3/14/2022,WP1R,1,20220314WP1R1,90,WP1R,San Luis Wildlife Refuge,5/6/2022,Sample,March,2022,NA,3,40,PL,0,0
FWSLOD-2022-Loach pilot study,eDNA,2,3/14/2022,WP1R,1,20220314WP1R1,90,WP1R,San Luis Wildlife Refuge,5/6/2022,Sample,March,2022,NA,1,40,PL,0,0
FWSLOD-2022-Loach pilot study,eDNA,3,3/14/2022,WP1R,2,20220314WP1R2,200,WP1R,San Luis Wildlife Refuge,5/6/2022,Sample,March,2022,NA,3,40,PL,0,0
FWSLOD-2022-Loach pilot study,eDNA,3,3/14/2022,WP1R,2,20220314WP1R2,200,WP1R,San Luis Wildlife Refuge,5/6/2022,Sample,March,2022,NA,1,40,PL,0,0
FWSLOD-2022-Loach pilot study,eDNA,4,3/14/2022,WP1R,3,20220314WP1R3,200,WP1R,San Luis Wildlife Refuge,5/6/2022,Sample,March,2022,NA,1,40,PL,0,0
FWSLOD-2022-Loach pilot study,eDNA,4,3/14/2022,WP1R,3,20220314WP1R3,200,WP1R,San Luis Wildlife Refuge,5/6/2022,Sample,March,2022,NA,3,40,PL,0,0
FWSLOD-2022-Loach pilot study,eDNA,4,3/14/2022,WP1R,3,20220314WP1R3,200,WP1R,San Luis Wildlife Refuge,5/6/2022,Sample,March,2022,NA,2,40,PL,0,0
FWSLOD-2022-Loach pilot study,eDNA,5,3/14/2022,WP2R,1,20220314WP2R1,450,WP2R,San Luis Wildlife Refuge,5/6/2022,Sample,March,2022,NA,2,40,PL,0,0
FWSLOD-2022-Loach pilot study,eDNA,5,3/14/2022,WP2R,1,20220314WP2R1,450,WP2R,San Luis Wildlife Refuge,5/6/2022,Sample,March,2022,NA,1,40,PL,0,0
FWSLOD-2022-Loach pilot study,eDNA,5,3/14/2022,WP2R,1,20220314WP2R1,450,WP2R,San Luis Wildlife Refuge,5/6/2022,Sample,March,2022,NA,3,40,PL,0,0
FWSLOD-2022-Loach pilot study,eDNA,6,3/14/2022,WP2R,2,20220314WP2R2,275,WP2R,San Luis Wildlife Refuge,5/6/2022,Sample,March,2022,NA,1,40,PL,0,0
FWSLOD-2022-Loach pilot study,eDNA,6,3/14/2022,WP2R,2,20220314WP2R2,275,WP2R,San Luis Wildlife Refuge,5/6/2022,Sample,March,2022,NA,2,40,PL,0,0
FWSLOD-2022-Loach pilot study,eDNA,6,3/14/2022,WP2R,2,20220314WP2R2,275,WP2R,San Luis Wildlife Refuge,5/6/2022,Sample,March,2022,NA,3,40,PL,0,0
FWSLOD-2022-Loach pilot study,eDNA,7,3/14/2022,WP2R,3,20220314WP2R3,325,WP2R,San Luis Wildlife Refuge,5/6/2022,Sample,March,2022,NA,3,40,PL,0,0
FWSLOD-2022-Loach pilot study,eDNA,7,3/14/2022,WP2R,3,20220314WP2R3,325,WP2R,San Luis Wildlife Refuge,5/6/2022,Sample,March,2022,NA,2,40,PL,0,0
FWSLOD-2022-Loach pilot study,eDNA,7,3/14/2022,WP2R,3,20220314WP2R3,325,WP2R,San Luis Wildlife Refuge,5/6/2022,Sample,March,2022,NA,1,40,PL,0,0
FWSLOD-2022-Loach pilot study,eDNA,3,3/14/2022,WP1R,2,20220314WP1R2,200,WP1R,San Luis Wildlife Refuge,5/6/2022,Sample,March,2022,NA,2,40,PL,0,0
FWSLOD-2022-Loach pilot study,eDNA,15,3/15/2022,P3R,2,20220315P3R2,150,P3R,San Luis Wildlife Refuge,5/6/2022,Sample,March,2022,NA,1,40,LSL/FSL,0,0
FWSLOD-2022-Loach pilot study,eDNA,23,3/15/2022,WP7R,1,20220315WP7R1,25,WP7R,San Luis Wildlife Refuge,5/6/2022,Sample,March,2022,NA,1,40,LSL/FSL,0,0
FWSLOD-2022-Loach pilot study,eDNA,17,3/15/2022,P5R,1,20220315P5R1,150,P5R,San Luis Wildlife Refuge,5/6/2022,Sample,March,2022,NA,2,40,LSL/FSL,0,0
FWSLOD-2022-Loach pilot study,eDNA,21,3/15/2022,WP6R,2,20220315WP6R2,150,WP6R,San Luis Wildlife Refuge,5/6/2022,Sample,March,2022,NA,3,40,LSL/FSL,0,0
FWSLOD-2022-Loach pilot study,eDNA,23,3/15/2022,WP7R,1,20220315WP7R1,25,WP7R,San Luis Wildlife Refuge,5/6/2022,Sample,March,2022,NA,2,40,LSL/FSL,0,0
FWSLOD-2022-Loach pilot study,eDNA,19,3/15/2022,P5R,3,20220315P5R3,250,P5R,San Luis Wildlife Refuge,5/6/2022,Sample,March,2022,NA,1,40,LSL/FSL,0,0
FWSLOD-2022-Loach pilot study,eDNA,26,3/15/2022,WP7R,3,20220315WP7R3,25,WP7R,San Luis Wildlife Refuge,5/9/2022,Sample,March,2022,NA,1,40,LSL/FSL,0,0
FWSLOD-2022-Loach pilot study,eDNA,17,3/15/2022,P5R,1,20220315P5R1,150,P5R,San Luis Wildlife Refuge,5/6/2022,Sample,March,2022,NA,1,40,LSL/FSL,0,0
FWSLOD-2022-Loach pilot study,eDNA,16,3/15/2022,P3R,3,20220315P3R3,200,P3R,San Luis Wildlife Refuge,5/6/2022,Sample,March,2022,NA,3,40,LSL/FSL,0,0
FWSLOD-2022-Loach pilot study,eDNA,24,3/15/2022,WP7R,2,20220315WP7R2,50,WP7R,San Luis Wildlife Refuge,5/6/2022,Sample,March,2022,NA,2,40,LSL/FSL,0,0
FWSLOD-2022-Loach pilot study,eDNA,26,3/15/2022,WP7R,3,20220315WP7R3,25,WP7R,San Luis Wildlife Refuge,5/9/2022,Sample,March,2022,NA,2,40,LSL/FSL,0,0
FWSLOD-2022-Loach pilot study,eDNA,19,3/15/2022,P5R,3,20220315P5R3,250,P5R,San Luis Wildlife Refuge,5/6/2022,Sample,March,2022,NA,2,40,LSL/FSL,0,0
FWSLOD-2022-Loach pilot study,eDNA,18,3/15/2022,P5R,2,20220315P5R2,275,P5R,San Luis Wildlife Refuge,5/6/2022,Sample,March,2022,NA,2,40,LSL/FSL,0,0
FWSLOD-2022-Loach pilot study,eDNA,14,3/15/2022,P3R,1,20220315P3R1,325,P3R,San Luis Wildlife Refuge,5/6/2022,Sample,March,2022,NA,2,40,LSL/FSL,0,0
FWSLOD-2022-Loach pilot study,eDNA,21,3/15/2022,WP6R,2,20220315WP6R2,150,WP6R,San Luis Wildlife Refuge,5/6/2022,Sample,March,2022,NA,1,40,LSL/FSL,0,0
FWSLOD-2022-Loach pilot study,eDNA,15,3/15/2022,P3R,2,20220315P3R2,150,P3R,San Luis Wildlife Refuge,5/6/2022,Sample,March,2022,NA,3,40,LSL/FSL,0,0
FWSLOD-2022-Loach pilot study,eDNA,20,3/15/2022,WP6R,1,20220315WP6R1,425,WP6R,San Luis Wildlife Refuge,5/6/2022,Sample,March,2022,NA,3,40,LSL/FSL,0,0
FWSLOD-2022-Loach pilot study,eDNA,14,3/15/2022,P3R,1,20220315P3R1,325,P3R,San Luis Wildlife Refuge,5/6/2022,Sample,March,2022,NA,1,40,LSL/FSL,0,0
FWSLOD-2022-Loach pilot study,eDNA,14,3/15/2022,P3R,1,20220315P3R1,325,P3R,San Luis Wildlife Refuge,5/6/2022,Sample,March,2022,NA,3,40,LSL/FSL,0,0
FWSLOD-2022-Loach pilot study,eDNA,16,3/15/2022,P3R,3,20220315P3R3,200,P3R,San Luis Wildlife Refuge,5/6/2022,Sample,March,2022,NA,2,40,LSL/FSL,0,0
FWSLOD-2022-Loach pilot study,eDNA,16,3/15/2022,P3R,3,20220315P3R3,200,P3R,San Luis Wildlife Refuge,5/6/2022,Sample,March,2022,NA,1,40,LSL/FSL,0,0
FWSLOD-2022-Loach pilot study,eDNA,23,3/15/2022,WP7R,1,20220315WP7R1,25,WP7R,San Luis Wildlife Refuge,5/6/2022,Sample,March,2022,NA,3,40,LSL/FSL,0,0
FWSLOD-2022-Loach pilot study,eDNA,24,3/15/2022,WP7R,2,20220315WP7R2,50,WP7R,San Luis Wildlife Refuge,5/6/2022,Sample,March,2022,NA,1,40,LSL/FSL,0,0
FWSLOD-2022-Loach pilot study,eDNA,18,3/15/2022,P5R,2,20220315P5R2,275,P5R,San Luis Wildlife Refuge,5/6/2022,Sample,March,2022,NA,3,40,LSL/FSL,0,0
FWSLOD-2022-Loach pilot study,eDNA,19,3/15/2022,P5R,3,20220315P5R3,250,P5R,San Luis Wildlife Refuge,5/6/2022,Sample,March,2022,NA,3,40,LSL/FSL,0,0
FWSLOD-2022-Loach pilot study,eDNA,20,3/15/2022,WP6R,1,20220315WP6R1,425,WP6R,San Luis Wildlife Refuge,5/6/2022,Sample,March,2022,NA,1,40,LSL/FSL,0,0
FWSLOD-2022-Loach pilot study,eDNA,21,3/15/2022,WP6R,2,20220315WP6R2,150,WP6R,San Luis Wildlife Refuge,5/6/2022,Sample,March,2022,NA,2,40,LSL/FSL,0,0
FWSLOD-2022-Loach pilot study,eDNA,24,3/15/2022,WP7R,2,20220315WP7R2,50,WP7R,San Luis Wildlife Refuge,5/6/2022,Sample,March,2022,NA,3,40,LSL/FSL,0,0
FWSLOD-2022-Loach pilot study,eDNA,26,3/15/2022,WP7R,3,20220315WP7R3,25,WP7R,San Luis Wildlife Refuge,5/9/2022,Sample,March,2022,NA,3,40,LSL/FSL,0,0
FWSLOD-2022-Loach pilot study,eDNA,15,3/15/2022,P3R,2,20220315P3R2,150,P3R,San Luis Wildlife Refuge,5/6/2022,Sample,March,2022,NA,2,40,LSL/FSL,0,0
FWSLOD-2022-Loach pilot study,eDNA,17,3/15/2022,P5R,1,20220315P5R1,150,P5R,San Luis Wildlife Refuge,5/6/2022,Sample,March,2022,NA,3,40,LSL/FSL,0,0
FWSLOD-2022-Loach pilot study,eDNA,18,3/15/2022,P5R,2,20220315P5R2,275,P5R,San Luis Wildlife Refuge,5/6/2022,Sample,March,2022,NA,1,40,LSL/FSL,0,0
FWSLOD-2022-Loach pilot study,eDNA,20,3/15/2022,WP6R,1,20220315WP6R1,425,WP6R,San Luis Wildlife Refuge,5/6/2022,Sample,March,2022,NA,2,40,LSL/FSL,0,0
FWSLOD-2022-Loach pilot study,eDNA,22,3/15/2022,WP6R,3,20220315WP6R3,150,WP6R,San Luis Wildlife Refuge,5/6/2022,Sample,March,2022,NA,2,40,LSL/FSL,0,0
FWSLOD-2022-Loach pilot study,eDNA,22,3/15/2022,WP6R,3,20220315WP6R3,150,WP6R,San Luis Wildlife Refuge,5/6/2022,Sample,March,2022,NA,1,40,LSL/FSL,0,0
FWSLOD-2022-Loach pilot study,eDNA,20,3/15/2022,WP6R,1,20220315WP6R1,425,WP6R,San Luis Wildlife Refuge,5/6/2022,Sample,March,2022,NA,2,40,PL,0,0
FWSLOD-2022-Loach pilot study,eDNA,20,3/15/2022,WP6R,1,20220315WP6R1,425,WP6R,San Luis Wildlife Refuge,5/6/2022,Sample,March,2022,NA,1,40,PL,0,0
FWSLOD-2022-Loach pilot study,eDNA,21,3/15/2022,WP6R,2,20220315WP6R2,150,WP6R,San Luis Wildlife Refuge,5/6/2022,Sample,March,2022,NA,1,40,PL,0,0
FWSLOD-2022-Loach pilot study,eDNA,22,3/15/2022,WP6R,3,20220315WP6R3,150,WP6R,San Luis Wildlife Refuge,5/6/2022,Sample,March,2022,NA,1,40,PL,0,0
FWSLOD-2022-Loach pilot study,eDNA,22,3/15/2022,WP6R,3,20220315WP6R3,150,WP6R,San Luis Wildlife Refuge,5/6/2022,Sample,March,2022,NA,2,40,PL,0,0
FWSLOD-2022-Loach pilot study,eDNA,23,3/15/2022,WP7R,1,20220315WP7R1,25,WP7R,San Luis Wildlife Refuge,5/6/2022,Sample,March,2022,NA,1,40,PL,0,0
FWSLOD-2022-Loach pilot study,eDNA,24,3/15/2022,WP7R,2,20220315WP7R2,50,WP7R,San Luis Wildlife Refuge,5/6/2022,Sample,March,2022,NA,2,40,PL,0,0
FWSLOD-2022-Loach pilot study,eDNA,26,3/15/2022,WP7R,3,20220315WP7R3,25,WP7R,San Luis Wildlife Refuge,5/9/2022,Sample,March,2022,NA,3,40,PL,0,0
FWSLOD-2022-Loach pilot study,eDNA,14,3/15/2022,P3R,1,20220315P3R1,325,P3R,San Luis Wildlife Refuge,5/6/2022,Sample,March,2022,NA,2,40,PL,0,0
FWSLOD-2022-Loach pilot study,eDNA,14,3/15/2022,P3R,1,20220315P3R1,325,P3R,San Luis Wildlife Refuge,5/6/2022,Sample,March,2022,NA,3,40,PL,0,0
FWSLOD-2022-Loach pilot study,eDNA,14,3/15/2022,P3R,1,20220315P3R1,325,P3R,San Luis Wildlife Refuge,5/6/2022,Sample,March,2022,NA,1,40,PL,0,0
FWSLOD-2022-Loach pilot study,eDNA,15,3/15/2022,P3R,2,20220315P3R2,150,P3R,San Luis Wildlife Refuge,5/6/2022,Sample,March,2022,NA,3,40,PL,0,0
FWSLOD-2022-Loach pilot study,eDNA,15,3/15/2022,P3R,2,20220315P3R2,150,P3R,San Luis Wildlife Refuge,5/6/2022,Sample,March,2022,NA,2,40,PL,0,0
FWSLOD-2022-Loach pilot study,eDNA,15,3/15/2022,P3R,2,20220315P3R2,150,P3R,San Luis Wildlife Refuge,5/6/2022,Sample,March,2022,NA,1,40,PL,0,0
FWSLOD-2022-Loach pilot study,eDNA,16,3/15/2022,P3R,3,20220315P3R3,200,P3R,San Luis Wildlife Refuge,5/6/2022,Sample,March,2022,NA,2,40,PL,0,0
FWSLOD-2022-Loach pilot study,eDNA,16,3/15/2022,P3R,3,20220315P3R3,200,P3R,San Luis Wildlife Refuge,5/6/2022,Sample,March,2022,NA,1,40,PL,0,0
FWSLOD-2022-Loach pilot study,eDNA,16,3/15/2022,P3R,3,20220315P3R3,200,P3R,San Luis Wildlife Refuge,5/6/2022,Sample,March,2022,NA,3,40,PL,0,0
FWSLOD-2022-Loach pilot study,eDNA,23,3/15/2022,WP7R,1,20220315WP7R1,25,WP7R,San Luis Wildlife Refuge,5/6/2022,Sample,March,2022,NA,3,40,PL,0,0
FWSLOD-2022-Loach pilot study,eDNA,17,3/15/2022,P5R,1,20220315P5R1,150,P5R,San Luis Wildlife Refuge,5/6/2022,Sample,March,2022,NA,2,40,PL,0,0
FWSLOD-2022-Loach pilot study,eDNA,17,3/15/2022,P5R,1,20220315P5R1,150,P5R,San Luis Wildlife Refuge,5/6/2022,Sample,March,2022,NA,3,40,PL,0,0
FWSLOD-2022-Loach pilot study,eDNA,17,3/15/2022,P5R,1,20220315P5R1,150,P5R,San Luis Wildlife Refuge,5/6/2022,Sample,March,2022,NA,1,40,PL,0,0
FWSLOD-2022-Loach pilot study,eDNA,18,3/15/2022,P5R,2,20220315P5R2,275,P5R,San Luis Wildlife Refuge,5/6/2022,Sample,March,2022,NA,1,40,PL,0,0
FWSLOD-2022-Loach pilot study,eDNA,18,3/15/2022,P5R,2,20220315P5R2,275,P5R,San Luis Wildlife Refuge,5/6/2022,Sample,March,2022,NA,2,40,PL,0,0
FWSLOD-2022-Loach pilot study,eDNA,18,3/15/2022,P5R,2,20220315P5R2,275,P5R,San Luis Wildlife Refuge,5/6/2022,Sample,March,2022,NA,3,40,PL,0,0
FWSLOD-2022-Loach pilot study,eDNA,19,3/15/2022,P5R,3,20220315P5R3,250,P5R,San Luis Wildlife Refuge,5/6/2022,Sample,March,2022,NA,1,40,PL,0,0
FWSLOD-2022-Loach pilot study,eDNA,19,3/15/2022,P5R,3,20220315P5R3,250,P5R,San Luis Wildlife Refuge,5/6/2022,Sample,March,2022,NA,2,40,PL,0,0
FWSLOD-2022-Loach pilot study,eDNA,19,3/15/2022,P5R,3,20220315P5R3,250,P5R,San Luis Wildlife Refuge,5/6/2022,Sample,March,2022,NA,3,40,PL,0,0
FWSLOD-2022-Loach pilot study,eDNA,20,3/15/2022,WP6R,1,20220315WP6R1,425,WP6R,San Luis Wildlife Refuge,5/6/2022,Sample,March,2022,NA,3,40,PL,0,0
FWSLOD-2022-Loach pilot study,eDNA,21,3/15/2022,WP6R,2,20220315WP6R2,150,WP6R,San Luis Wildlife Refuge,5/6/2022,Sample,March,2022,NA,3,40,PL,0,0
FWSLOD-2022-Loach pilot study,eDNA,21,3/15/2022,WP6R,2,20220315WP6R2,150,WP6R,San Luis Wildlife Refuge,5/6/2022,Sample,March,2022,NA,2,40,PL,0,0
FWSLOD-2022-Loach pilot study,eDNA,22,3/15/2022,WP6R,3,20220315WP6R3,150,WP6R,San Luis Wildlife Refuge,5/6/2022,Sample,March,2022,NA,3,40,PL,0,0
FWSLOD-2022-Loach pilot study,eDNA,23,3/15/2022,WP7R,1,20220315WP7R1,25,WP7R,San Luis Wildlife Refuge,5/6/2022,Sample,March,2022,NA,2,40,PL,0,0
FWSLOD-2022-Loach pilot study,eDNA,24,3/15/2022,WP7R,2,20220315WP7R2,50,WP7R,San Luis Wildlife Refuge,5/6/2022,Sample,March,2022,NA,3,40,PL,0,0
FWSLOD-2022-Loach pilot study,eDNA,24,3/15/2022,WP7R,2,20220315WP7R2,50,WP7R,San Luis Wildlife Refuge,5/6/2022,Sample,March,2022,NA,1,40,PL,0,0
FWSLOD-2022-Loach pilot study,eDNA,26,3/15/2022,WP7R,3,20220315WP7R3,25,WP7R,San Luis Wildlife Refuge,5/9/2022,Sample,March,2022,NA,2,40,PL,0,0
FWSLOD-2022-Loach pilot study,eDNA,26,3/15/2022,WP7R,3,20220315WP7R3,25,WP7R,San Luis Wildlife Refuge,5/9/2022,Sample,March,2022,NA,1,40,PL,0,0
FWSLOD-2022-Loach pilot study,eDNA,39,3/21/2022,A4R,2,20220321A4R2,50,A4R,San Luis Wildlife Refuge,5/9/2022,Sample,March,2022,NA,1,40,LSL/FSL,0,0
FWSLOD-2022-Loach pilot study,eDNA,53,3/21/2022,A3R,1,20220321A3R1,150,A3R,San Luis Wildlife Refuge,5/9/2022,Sample,March,2022,NA,3,40,LSL/FSL,0,0
FWSLOD-2022-Loach pilot study,eDNA,43,3/21/2022,A6R,3,20220321A6R3,225,A6R,San Luis Wildlife Refuge,5/9/2022,Sample,March,2022,NA,2,40,LSL/FSL,0,0
FWSLOD-2022-Loach pilot study,eDNA,39,3/21/2022,A4R,2,20220321A4R2,50,A4R,San Luis Wildlife Refuge,5/9/2022,Sample,March,2022,NA,2,40,LSL/FSL,0,0
FWSLOD-2022-Loach pilot study,eDNA,54,3/21/2022,A3R,2,20220321A3R2,100,A3R,San Luis Wildlife Refuge,5/9/2022,Sample,March,2022,NA,1,40,LSL/FSL,0,0
FWSLOD-2022-Loach pilot study,eDNA,37,3/21/2022,A1R,3,20220321A1R3,275,A1R,San Luis Wildlife Refuge,5/9/2022,Sample,March,2022,NA,1,40,LSL/FSL,0,0
FWSLOD-2022-Loach pilot study,eDNA,48,3/21/2022,D3R,2,20220321D3R2,225,D3R,San Luis Wildlife Refuge,5/9/2022,Sample,March,2022,NA,1,40,LSL/FSL,0,0
FWSLOD-2022-Loach pilot study,eDNA,42,3/21/2022,A6R,2,20220321A6R2,175,A6R,San Luis Wildlife Refuge,5/9/2022,Sample,March,2022,NA,1,40,LSL/FSL,0,0
FWSLOD-2022-Loach pilot study,eDNA,37,3/21/2022,A1R,3,20220321A1R3,275,A1R,San Luis Wildlife Refuge,5/9/2022,Sample,March,2022,NA,2,40,LSL/FSL,0,0
FWSLOD-2022-Loach pilot study,eDNA,54,3/21/2022,A3R,2,20220321A3R2,100,A3R,San Luis Wildlife Refuge,5/9/2022,Sample,March,2022,NA,2,40,LSL/FSL,0,0
FWSLOD-2022-Loach pilot study,eDNA,43,3/21/2022,A6R,3,20220321A6R3,225,A6R,San Luis Wildlife Refuge,5/9/2022,Sample,March,2022,NA,1,40,LSL/FSL,0,0
FWSLOD-2022-Loach pilot study,eDNA,49,3/21/2022,D3R,3,20220321D3R3,300,D3R,San Luis Wildlife Refuge,5/9/2022,Sample,March,2022,NA,1,40,LSL/FSL,0,0
FWSLOD-2022-Loach pilot study,eDNA,33,3/21/2022,D1R,2,20220321D1R2,225,D1R,San Luis Wildlife Refuge,5/9/2022,Sample,March,2022,NA,1,40,LSL/FSL,0,0
FWSLOD-2022-Loach pilot study,eDNA,55,3/21/2022,A3R,3,20220321A3R3,325,A3R,San Luis Wildlife Refuge,5/9/2022,Sample,March,2022,NA,3,40,LSL/FSL,0,0
FWSLOD-2022-Loach pilot study,eDNA,30,3/21/2022,D2R,2,20220321D2R2,1075,D2R,San Luis Wildlife Refuge,5/9/2022,Sample,March,2022,NA,3,40,LSL/FSL,0,0
FWSLOD-2022-Loach pilot study,eDNA,34,3/21/2022,D1R,3,20220321D1R3,225,D1R,San Luis Wildlife Refuge,5/9/2022,Sample,March,2022,NA,1,40,LSL/FSL,0,0
FWSLOD-2022-Loach pilot study,eDNA,44,3/21/2022,D6R,1,20220321D6R1,850,D6R,San Luis Wildlife Refuge,5/9/2022,Sample,March,2022,NA,3,40,LSL/FSL,0,0
FWSLOD-2022-Loach pilot study,eDNA,44,3/21/2022,D6R,1,20220321D6R1,850,D6R,San Luis Wildlife Refuge,5/9/2022,Sample,March,2022,NA,2,40,LSL/FSL,0,0
FWSLOD-2022-Loach pilot study,eDNA,44,3/21/2022,D6R,1,20220321D6R1,850,D6R,San Luis Wildlife Refuge,5/9/2022,Sample,March,2022,NA,1,40,LSL/FSL,0,0
FWSLOD-2022-Loach pilot study,eDNA,40,3/21/2022,A4R,3,20220321A4R3,50,A4R,San Luis Wildlife Refuge,5/9/2022,Sample,March,2022,NA,1,40,LSL/FSL,0,0
FWSLOD-2022-Loach pilot study,eDNA,32,3/21/2022,D1R,1,20220321D1R1,225,D1R,San Luis Wildlife Refuge,5/9/2022,Sample,March,2022,NA,1,40,LSL/FSL,0,0
FWSLOD-2022-Loach pilot study,eDNA,38,3/21/2022,A4R,1,20220321A4R1,50,A4R,San Luis Wildlife Refuge,5/9/2022,Sample,March,2022,NA,2,40,LSL/FSL,0,0
FWSLOD-2022-Loach pilot study,eDNA,48,3/21/2022,D3R,2,20220321D3R2,225,D3R,San Luis Wildlife Refuge,5/9/2022,Sample,March,2022,NA,3,40,LSL/FSL,0,0
FWSLOD-2022-Loach pilot study,eDNA,48,3/21/2022,D3R,2,20220321D3R2,225,D3R,San Luis Wildlife Refuge,5/9/2022,Sample,March,2022,NA,2,40,LSL/FSL,0,0
FWSLOD-2022-Loach pilot study,eDNA,41,3/21/2022,A6R,1,20220321A6R1,175,A6R,San Luis Wildlife Refuge,5/9/2022,Sample,March,2022,NA,3,40,LSL/FSL,0,0
FWSLOD-2022-Loach pilot study,eDNA,41,3/21/2022,A6R,1,20220321A6R1,175,A6R,San Luis Wildlife Refuge,5/9/2022,Sample,March,2022,NA,1,40,LSL/FSL,0,0
FWSLOD-2022-Loach pilot study,eDNA,53,3/21/2022,A3R,1,20220321A3R1,150,A3R,San Luis Wildlife Refuge,5/9/2022,Sample,March,2022,NA,2,40,LSL/FSL,0,0
FWSLOD-2022-Loach pilot study,eDNA,42,3/21/2022,A6R,2,20220321A6R2,175,A6R,San Luis Wildlife Refuge,5/9/2022,Sample,March,2022,NA,2,40,LSL/FSL,0,0
FWSLOD-2022-Loach pilot study,eDNA,42,3/21/2022,A6R,2,20220321A6R2,175,A6R,San Luis Wildlife Refuge,5/9/2022,Sample,March,2022,NA,3,40,LSL/FSL,0,0
FWSLOD-2022-Loach pilot study,eDNA,50,3/21/2022,D4R,1,20220321D4R1,250,D4R,San Luis Wildlife Refuge,5/9/2022,Sample,March,2022,NA,1,40,LSL/FSL,0,0
FWSLOD-2022-Loach pilot study,eDNA,50,3/21/2022,D4R,1,20220321D4R1,250,D4R,San Luis Wildlife Refuge,5/9/2022,Sample,March,2022,NA,2,40,LSL/FSL,0,0
FWSLOD-2022-Loach pilot study,eDNA,51,3/21/2022,D4R,2,20220321D4R2,350,D4R,San Luis Wildlife Refuge,5/9/2022,Sample,March,2022,NA,1,40,LSL/FSL,0,0
FWSLOD-2022-Loach pilot study,eDNA,38,3/21/2022,A4R,1,20220321A4R1,50,A4R,San Luis Wildlife Refuge,5/9/2022,Sample,March,2022,NA,3,40,LSL/FSL,0,0
FWSLOD-2022-Loach pilot study,eDNA,35,3/21/2022,A1R,1,20220321A1R1,275,A1R,San Luis Wildlife Refuge,5/9/2022,Sample,March,2022,NA,3,40,LSL/FSL,0,0
FWSLOD-2022-Loach pilot study,eDNA,31,3/21/2022,D2R,3,20220321D2R3,1975,D2R,San Luis Wildlife Refuge,5/9/2022,Sample,March,2022,NA,3,40,LSL/FSL,0,0
FWSLOD-2022-Loach pilot study,eDNA,45,3/21/2022,D6R,2,20220321D6R2,550,D6R,San Luis Wildlife Refuge,5/9/2022,Sample,March,2022,NA,3,40,LSL/FSL,0,0
FWSLOD-2022-Loach pilot study,eDNA,45,3/21/2022,D6R,2,20220321D6R2,550,D6R,San Luis Wildlife Refuge,5/9/2022,Sample,March,2022,NA,1,40,LSL/FSL,0,0
FWSLOD-2022-Loach pilot study,eDNA,32,3/21/2022,D1R,1,20220321D1R1,225,D1R,San Luis Wildlife Refuge,5/9/2022,Sample,March,2022,NA,2,40,LSL/FSL,0,0
FWSLOD-2022-Loach pilot study,eDNA,46,3/21/2022,D6R,3,20220321D6R3,750,D6R,San Luis Wildlife Refuge,5/9/2022,Sample,March,2022,NA,1,40,LSL/FSL,0,0
FWSLOD-2022-Loach pilot study,eDNA,41,3/21/2022,A6R,1,20220321A6R1,175,A6R,San Luis Wildlife Refuge,5/9/2022,Sample,March,2022,NA,2,40,LSL/FSL,0,0
FWSLOD-2022-Loach pilot study,eDNA,33,3/21/2022,D1R,2,20220321D1R2,225,D1R,San Luis Wildlife Refuge,5/9/2022,Sample,March,2022,NA,2,40,LSL/FSL,0,0
FWSLOD-2022-Loach pilot study,eDNA,33,3/21/2022,D1R,2,20220321D1R2,225,D1R,San Luis Wildlife Refuge,5/9/2022,Sample,March,2022,NA,3,40,LSL/FSL,0,0
FWSLOD-2022-Loach pilot study,eDNA,34,3/21/2022,D1R,3,20220321D1R3,225,D1R,San Luis Wildlife Refuge,5/9/2022,Sample,March,2022,NA,3,40,LSL/FSL,0,0
FWSLOD-2022-Loach pilot study,eDNA,34,3/21/2022,D1R,3,20220321D1R3,225,D1R,San Luis Wildlife Refuge,5/9/2022,Sample,March,2022,NA,2,40,LSL/FSL,0,0
FWSLOD-2022-Loach pilot study,eDNA,29,3/21/2022,D2R,1,20220321D2R1,575,D2R,San Luis Wildlife Refuge,5/9/2022,Sample,March,2022,NA,2,40,LSL/FSL,0,0
FWSLOD-2022-Loach pilot study,eDNA,52,3/21/2022,D4R,3,20220321D4R3,350,D4R,San Luis Wildlife Refuge,5/9/2022,Sample,March,2022,NA,3,40,LSL/FSL,0,0
FWSLOD-2022-Loach pilot study,eDNA,30,3/21/2022,D2R,2,20220321D2R2,1075,D2R,San Luis Wildlife Refuge,5/9/2022,Sample,March,2022,NA,2,40,LSL/FSL,0,0
FWSLOD-2022-Loach pilot study,eDNA,52,3/21/2022,D4R,3,20220321D4R3,350,D4R,San Luis Wildlife Refuge,5/9/2022,Sample,March,2022,NA,1,40,LSL/FSL,0,0
FWSLOD-2022-Loach pilot study,eDNA,35,3/21/2022,A1R,1,20220321A1R1,275,A1R,San Luis Wildlife Refuge,5/9/2022,Sample,March,2022,NA,2,40,LSL/FSL,0,0
FWSLOD-2022-Loach pilot study,eDNA,35,3/21/2022,A1R,1,20220321A1R1,275,A1R,San Luis Wildlife Refuge,5/9/2022,Sample,March,2022,NA,1,40,LSL/FSL,0,0
FWSLOD-2022-Loach pilot study,eDNA,36,3/21/2022,A1R,2,20220321A1R2,300,A1R,San Luis Wildlife Refuge,5/9/2022,Sample,March,2022,NA,1,40,LSL/FSL,0,0
FWSLOD-2022-Loach pilot study,eDNA,47,3/21/2022,D3R,1,20220321D3R1,375,D3R,San Luis Wildlife Refuge,5/9/2022,Sample,March,2022,NA,2,40,LSL/FSL,0,0
FWSLOD-2022-Loach pilot study,eDNA,32,3/21/2022,D1R,1,20220321D1R1,225,D1R,San Luis Wildlife Refuge,5/9/2022,Sample,March,2022,NA,3,40,LSL/FSL,0,0
FWSLOD-2022-Loach pilot study,eDNA,37,3/21/2022,A1R,3,20220321A1R3,275,A1R,San Luis Wildlife Refuge,5/9/2022,Sample,March,2022,NA,3,40,LSL/FSL,0,0
FWSLOD-2022-Loach pilot study,eDNA,49,3/21/2022,D3R,3,20220321D3R3,300,D3R,San Luis Wildlife Refuge,5/9/2022,Sample,March,2022,NA,3,40,LSL/FSL,0,0
FWSLOD-2022-Loach pilot study,eDNA,49,3/21/2022,D3R,3,20220321D3R3,300,D3R,San Luis Wildlife Refuge,5/9/2022,Sample,March,2022,NA,2,40,LSL/FSL,0,0
FWSLOD-2022-Loach pilot study,eDNA,53,3/21/2022,A3R,1,20220321A3R1,150,A3R,San Luis Wildlife Refuge,5/9/2022,Sample,March,2022,NA,1,40,LSL/FSL,0,0
FWSLOD-2022-Loach pilot study,eDNA,50,3/21/2022,D4R,1,20220321D4R1,250,D4R,San Luis Wildlife Refuge,5/9/2022,Sample,March,2022,NA,3,40,LSL/FSL,0,0
FWSLOD-2022-Loach pilot study,eDNA,54,3/21/2022,A3R,2,20220321A3R2,100,A3R,San Luis Wildlife Refuge,5/9/2022,Sample,March,2022,NA,3,40,LSL/FSL,0,0
FWSLOD-2022-Loach pilot study,eDNA,55,3/21/2022,A3R,3,20220321A3R3,325,A3R,San Luis Wildlife Refuge,5/9/2022,Sample,March,2022,NA,2,40,LSL/FSL,0,0
FWSLOD-2022-Loach pilot study,eDNA,55,3/21/2022,A3R,3,20220321A3R3,325,A3R,San Luis Wildlife Refuge,5/9/2022,Sample,March,2022,NA,1,40,LSL/FSL,0,0
FWSLOD-2022-Loach pilot study,eDNA,51,3/21/2022,D4R,2,20220321D4R2,350,D4R,San Luis Wildlife Refuge,5/9/2022,Sample,March,2022,NA,3,40,LSL/FSL,0,0
FWSLOD-2022-Loach pilot study,eDNA,52,3/21/2022,D4R,3,20220321D4R3,350,D4R,San Luis Wildlife Refuge,5/9/2022,Sample,March,2022,NA,2,40,LSL/FSL,0,0
FWSLOD-2022-Loach pilot study,eDNA,38,3/21/2022,A4R,1,20220321A4R1,50,A4R,San Luis Wildlife Refuge,5/9/2022,Sample,March,2022,NA,1,40,LSL/FSL,0,0
FWSLOD-2022-Loach pilot study,eDNA,39,3/21/2022,A4R,2,20220321A4R2,50,A4R,San Luis Wildlife Refuge,5/9/2022,Sample,March,2022,NA,3,40,LSL/FSL,0,0
FWSLOD-2022-Loach pilot study,eDNA,36,3/21/2022,A1R,2,20220321A1R2,300,A1R,San Luis Wildlife Refuge,5/9/2022,Sample,March,2022,NA,3,40,LSL/FSL,0,0
FWSLOD-2022-Loach pilot study,eDNA,40,3/21/2022,A4R,3,20220321A4R3,50,A4R,San Luis Wildlife Refuge,5/9/2022,Sample,March,2022,NA,2,40,LSL/FSL,0,0
FWSLOD-2022-Loach pilot study,eDNA,45,3/21/2022,D6R,2,20220321D6R2,550,D6R,San Luis Wildlife Refuge,5/9/2022,Sample,March,2022,NA,2,40,LSL/FSL,0,0
FWSLOD-2022-Loach pilot study,eDNA,46,3/21/2022,D6R,3,20220321D6R3,750,D6R,San Luis Wildlife Refuge,5/9/2022,Sample,March,2022,NA,3,40,LSL/FSL,0,0
FWSLOD-2022-Loach pilot study,eDNA,46,3/21/2022,D6R,3,20220321D6R3,750,D6R,San Luis Wildlife Refuge,5/9/2022,Sample,March,2022,NA,2,40,LSL/FSL,0,0
FWSLOD-2022-Loach pilot study,eDNA,51,3/21/2022,D4R,2,20220321D4R2,350,D4R,San Luis Wildlife Refuge,5/9/2022,Sample,March,2022,NA,2,40,LSL/FSL,0,0
FWSLOD-2022-Loach pilot study,eDNA,40,3/21/2022,A4R,3,20220321A4R3,50,A4R,San Luis Wildlife Refuge,5/9/2022,Sample,March,2022,NA,3,40,LSL/FSL,0,0
FWSLOD-2022-Loach pilot study,eDNA,43,3/21/2022,A6R,3,20220321A6R3,225,A6R,San Luis Wildlife Refuge,5/9/2022,Sample,March,2022,NA,3,40,LSL/FSL,0,0
FWSLOD-2022-Loach pilot study,eDNA,29,3/21/2022,D2R,1,20220321D2R1,575,D2R,San Luis Wildlife Refuge,5/9/2022,Sample,March,2022,NA,3,40,LSL/FSL,0,0
FWSLOD-2022-Loach pilot study,eDNA,29,3/21/2022,D2R,1,20220321D2R1,575,D2R,San Luis Wildlife Refuge,5/9/2022,Sample,March,2022,NA,1,40,LSL/FSL,0,0
FWSLOD-2022-Loach pilot study,eDNA,30,3/21/2022,D2R,2,20220321D2R2,1075,D2R,San Luis Wildlife Refuge,5/9/2022,Sample,March,2022,NA,1,40,LSL/FSL,0,0
FWSLOD-2022-Loach pilot study,eDNA,47,3/21/2022,D3R,1,20220321D3R1,375,D3R,San Luis Wildlife Refuge,5/9/2022,Sample,March,2022,NA,1,40,LSL/FSL,0,0
FWSLOD-2022-Loach pilot study,eDNA,47,3/21/2022,D3R,1,20220321D3R1,375,D3R,San Luis Wildlife Refuge,5/9/2022,Sample,March,2022,NA,3,40,LSL/FSL,0,0
FWSLOD-2022-Loach pilot study,eDNA,36,3/21/2022,A1R,2,20220321A1R2,300,A1R,San Luis Wildlife Refuge,5/9/2022,Sample,March,2022,NA,2,40,LSL/FSL,0,0
FWSLOD-2022-Loach pilot study,eDNA,58,3/21/2022,A7R,3,20220321A7R3,75,A7R,San Luis Wildlife Refuge,5/9/2022,Sample,March,2022,NA,3,40,PL,0,0
FWSLOD-2022-Loach pilot study,eDNA,33,3/21/2022,D1R,2,20220321D1R2,225,D1R,San Luis Wildlife Refuge,5/9/2022,Sample,March,2022,NA,1,40,PL,0,0
FWSLOD-2022-Loach pilot study,eDNA,34,3/21/2022,D1R,3,20220321D1R3,225,D1R,San Luis Wildlife Refuge,5/9/2022,Sample,March,2022,NA,1,40,PL,0,0
FWSLOD-2022-Loach pilot study,eDNA,29,3/21/2022,D2R,1,20220321D2R1,575,D2R,San Luis Wildlife Refuge,5/9/2022,Sample,March,2022,NA,1,40,PL,0,0
FWSLOD-2022-Loach pilot study,eDNA,29,3/21/2022,D2R,1,20220321D2R1,575,D2R,San Luis Wildlife Refuge,5/9/2022,Sample,March,2022,NA,2,40,PL,0,0
FWSLOD-2022-Loach pilot study,eDNA,38,3/21/2022,A4R,1,20220321A4R1,50,A4R,San Luis Wildlife Refuge,5/9/2022,Sample,March,2022,NA,2,40,PL,0,0
FWSLOD-2022-Loach pilot study,eDNA,30,3/21/2022,D2R,2,20220321D2R2,1075,D2R,San Luis Wildlife Refuge,5/9/2022,Sample,March,2022,NA,1,40,PL,0,0
FWSLOD-2022-Loach pilot study,eDNA,35,3/21/2022,A1R,1,20220321A1R1,275,A1R,San Luis Wildlife Refuge,5/9/2022,Sample,March,2022,NA,3,40,PL,0,0
FWSLOD-2022-Loach pilot study,eDNA,35,3/21/2022,A1R,1,20220321A1R1,275,A1R,San Luis Wildlife Refuge,5/9/2022,Sample,March,2022,NA,1,40,PL,0,0
FWSLOD-2022-Loach pilot study,eDNA,47,3/21/2022,D3R,1,20220321D3R1,375,D3R,San Luis Wildlife Refuge,5/9/2022,Sample,March,2022,NA,2,40,PL,0,0
FWSLOD-2022-Loach pilot study,eDNA,36,3/21/2022,A1R,2,20220321A1R2,300,A1R,San Luis Wildlife Refuge,5/9/2022,Sample,March,2022,NA,2,40,PL,0,0
FWSLOD-2022-Loach pilot study,eDNA,37,3/21/2022,A1R,3,20220321A1R3,275,A1R,San Luis Wildlife Refuge,5/9/2022,Sample,March,2022,NA,1,40,PL,0,0
FWSLOD-2022-Loach pilot study,eDNA,46,3/21/2022,D6R,3,20220321D6R3,750,D6R,San Luis Wildlife Refuge,5/9/2022,Sample,March,2022,NA,3,40,PL,0,0
FWSLOD-2022-Loach pilot study,eDNA,53,3/21/2022,A3R,1,20220321A3R1,150,A3R,San Luis Wildlife Refuge,5/9/2022,Sample,March,2022,NA,3,40,PL,0,0
FWSLOD-2022-Loach pilot study,eDNA,49,3/21/2022,D3R,3,20220321D3R3,300,D3R,San Luis Wildlife Refuge,5/9/2022,Sample,March,2022,NA,3,40,PL,0,0
FWSLOD-2022-Loach pilot study,eDNA,49,3/21/2022,D3R,3,20220321D3R3,300,D3R,San Luis Wildlife Refuge,5/9/2022,Sample,March,2022,NA,1,40,PL,0,0
FWSLOD-2022-Loach pilot study,eDNA,50,3/21/2022,D4R,1,20220321D4R1,250,D4R,San Luis Wildlife Refuge,5/9/2022,Sample,March,2022,NA,2,40,PL,0,0
FWSLOD-2022-Loach pilot study,eDNA,54,3/21/2022,A3R,2,20220321A3R2,100,A3R,San Luis Wildlife Refuge,5/9/2022,Sample,March,2022,NA,3,40,PL,0,0
FWSLOD-2022-Loach pilot study,eDNA,55,3/21/2022,A3R,3,20220321A3R3,325,A3R,San Luis Wildlife Refuge,5/9/2022,Sample,March,2022,NA,3,40,PL,0,0
FWSLOD-2022-Loach pilot study,eDNA,56,3/21/2022,A7R,1,20220321A7R1,50,A7R,San Luis Wildlife Refuge,5/9/2022,Sample,March,2022,NA,2,40,PL,0,0
FWSLOD-2022-Loach pilot study,eDNA,52,3/21/2022,D4R,3,20220321D4R3,350,D4R,San Luis Wildlife Refuge,5/9/2022,Sample,March,2022,NA,3,40,PL,0,0
FWSLOD-2022-Loach pilot study,eDNA,38,3/21/2022,A4R,1,20220321A4R1,50,A4R,San Luis Wildlife Refuge,5/9/2022,Sample,March,2022,NA,3,40,PL,0,0
FWSLOD-2022-Loach pilot study,eDNA,44,3/21/2022,D6R,1,20220321D6R1,850,D6R,San Luis Wildlife Refuge,5/9/2022,Sample,March,2022,NA,3,40,PL,0,0
FWSLOD-2022-Loach pilot study,eDNA,58,3/21/2022,A7R,3,20220321A7R3,75,A7R,San Luis Wildlife Refuge,5/9/2022,Sample,March,2022,NA,2,40,PL,0,0
FWSLOD-2022-Loach pilot study,eDNA,45,3/21/2022,D6R,2,20220321D6R2,550,D6R,San Luis Wildlife Refuge,5/9/2022,Sample,March,2022,NA,2,40,PL,0,0
FWSLOD-2022-Loach pilot study,eDNA,32,3/21/2022,D1R,1,20220321D1R1,225,D1R,San Luis Wildlife Refuge,5/9/2022,Sample,March,2022,NA,2,40,PL,0,0
FWSLOD-2022-Loach pilot study,eDNA,45,3/21/2022,D6R,2,20220321D6R2,550,D6R,San Luis Wildlife Refuge,5/9/2022,Sample,March,2022,NA,1,40,PL,0,0
FWSLOD-2022-Loach pilot study,eDNA,41,3/21/2022,A6R,1,20220321A6R1,175,A6R,San Luis Wildlife Refuge,5/9/2022,Sample,March,2022,NA,3,40,PL,0,0
FWSLOD-2022-Loach pilot study,eDNA,41,3/21/2022,A6R,1,20220321A6R1,175,A6R,San Luis Wildlife Refuge,5/9/2022,Sample,March,2022,NA,2,40,PL,0,0
FWSLOD-2022-Loach pilot study,eDNA,33,3/21/2022,D1R,2,20220321D1R2,225,D1R,San Luis Wildlife Refuge,5/9/2022,Sample,March,2022,NA,2,40,PL,0,0
FWSLOD-2022-Loach pilot study,eDNA,41,3/21/2022,A6R,1,20220321A6R1,175,A6R,San Luis Wildlife Refuge,5/9/2022,Sample,March,2022,NA,1,40,PL,0,0
FWSLOD-2022-Loach pilot study,eDNA,42,3/21/2022,A6R,2,20220321A6R2,175,A6R,San Luis Wildlife Refuge,5/9/2022,Sample,March,2022,NA,3,40,PL,0,0
FWSLOD-2022-Loach pilot study,eDNA,43,3/21/2022,A6R,3,20220321A6R3,225,A6R,San Luis Wildlife Refuge,5/9/2022,Sample,March,2022,NA,1,40,PL,0,0
FWSLOD-2022-Loach pilot study,eDNA,56,3/21/2022,A7R,1,20220321A7R1,50,A7R,San Luis Wildlife Refuge,5/9/2022,Sample,March,2022,NA,1,40,PL,0,0
FWSLOD-2022-Loach pilot study,eDNA,30,3/21/2022,D2R,2,20220321D2R2,1075,D2R,San Luis Wildlife Refuge,5/9/2022,Sample,March,2022,NA,3,40,PL,0,0
FWSLOD-2022-Loach pilot study,eDNA,44,3/21/2022,D6R,1,20220321D6R1,850,D6R,San Luis Wildlife Refuge,5/9/2022,Sample,March,2022,NA,2,40,PL,0,0
FWSLOD-2022-Loach pilot study,eDNA,31,3/21/2022,D2R,3,20220321D2R3,1975,D2R,San Luis Wildlife Refuge,5/9/2022,Sample,March,2022,NA,1,40,PL,0,0
FWSLOD-2022-Loach pilot study,eDNA,35,3/21/2022,A1R,1,20220321A1R1,275,A1R,San Luis Wildlife Refuge,5/9/2022,Sample,March,2022,NA,2,40,PL,0,0
FWSLOD-2022-Loach pilot study,eDNA,47,3/21/2022,D3R,1,20220321D3R1,375,D3R,San Luis Wildlife Refuge,5/9/2022,Sample,March,2022,NA,3,40,PL,0,0
FWSLOD-2022-Loach pilot study,eDNA,32,3/21/2022,D1R,1,20220321D1R1,225,D1R,San Luis Wildlife Refuge,5/9/2022,Sample,March,2022,NA,3,40,PL,0,0
FWSLOD-2022-Loach pilot study,eDNA,32,3/21/2022,D1R,1,20220321D1R1,225,D1R,San Luis Wildlife Refuge,5/9/2022,Sample,March,2022,NA,1,40,PL,0,0
FWSLOD-2022-Loach pilot study,eDNA,33,3/21/2022,D1R,2,20220321D1R2,225,D1R,San Luis Wildlife Refuge,5/9/2022,Sample,March,2022,NA,3,40,PL,0,0
FWSLOD-2022-Loach pilot study,eDNA,34,3/21/2022,D1R,3,20220321D1R3,225,D1R,San Luis Wildlife Refuge,5/9/2022,Sample,March,2022,NA,2,40,PL,0,0
FWSLOD-2022-Loach pilot study,eDNA,50,3/21/2022,D4R,1,20220321D4R1,250,D4R,San Luis Wildlife Refuge,5/9/2022,Sample,March,2022,NA,3,40,PL,0,0
FWSLOD-2022-Loach pilot study,eDNA,29,3/21/2022,D2R,1,20220321D2R1,575,D2R,San Luis Wildlife Refuge,5/9/2022,Sample,March,2022,NA,3,40,PL,0,0
FWSLOD-2022-Loach pilot study,eDNA,54,3/21/2022,A3R,2,20220321A3R2,100,A3R,San Luis Wildlife Refuge,5/9/2022,Sample,March,2022,NA,1,40,PL,0,0
FWSLOD-2022-Loach pilot study,eDNA,51,3/21/2022,D4R,2,20220321D4R2,350,D4R,San Luis Wildlife Refuge,5/9/2022,Sample,March,2022,NA,3,40,PL,0,0
FWSLOD-2022-Loach pilot study,eDNA,55,3/21/2022,A3R,3,20220321A3R3,325,A3R,San Luis Wildlife Refuge,5/9/2022,Sample,March,2022,NA,2,40,PL,0,0
FWSLOD-2022-Loach pilot study,eDNA,52,3/21/2022,D4R,3,20220321D4R3,350,D4R,San Luis Wildlife Refuge,5/9/2022,Sample,March,2022,NA,1,40,PL,0,0
FWSLOD-2022-Loach pilot study,eDNA,56,3/21/2022,A7R,1,20220321A7R1,50,A7R,San Luis Wildlife Refuge,5/9/2022,Sample,March,2022,NA,3,40,PL,0,0
FWSLOD-2022-Loach pilot study,eDNA,52,3/21/2022,D4R,3,20220321D4R3,350,D4R,San Luis Wildlife Refuge,5/9/2022,Sample,March,2022,NA,2,40,PL,0,0
FWSLOD-2022-Loach pilot study,eDNA,57,3/21/2022,A7R,2,20220321A7R2,50,A7R,San Luis Wildlife Refuge,5/9/2022,Sample,March,2022,NA,3,40,PL,0,0
FWSLOD-2022-Loach pilot study,eDNA,39,3/21/2022,A4R,2,20220321A4R2,50,A4R,San Luis Wildlife Refuge,5/9/2022,Sample,March,2022,NA,2,40,PL,0,0
FWSLOD-2022-Loach pilot study,eDNA,39,3/21/2022,A4R,2,20220321A4R2,50,A4R,San Luis Wildlife Refuge,5/9/2022,Sample,March,2022,NA,3,40,PL,0,0
FWSLOD-2022-Loach pilot study,eDNA,31,3/21/2022,D2R,3,20220321D2R3,1975,D2R,San Luis Wildlife Refuge,5/9/2022,Sample,March,2022,NA,3,40,PL,0,0
FWSLOD-2022-Loach pilot study,eDNA,36,3/21/2022,A1R,2,20220321A1R2,300,A1R,San Luis Wildlife Refuge,5/9/2022,Sample,March,2022,NA,1,40,PL,0,0
FWSLOD-2022-Loach pilot study,eDNA,39,3/21/2022,A4R,2,20220321A4R2,50,A4R,San Luis Wildlife Refuge,5/9/2022,Sample,March,2022,NA,1,40,PL,0,0
FWSLOD-2022-Loach pilot study,eDNA,40,3/21/2022,A4R,3,20220321A4R3,50,A4R,San Luis Wildlife Refuge,5/9/2022,Sample,March,2022,NA,1,40,PL,0,0
FWSLOD-2022-Loach pilot study,eDNA,36,3/21/2022,A1R,2,20220321A1R2,300,A1R,San Luis Wildlife Refuge,5/9/2022,Sample,March,2022,NA,3,40,PL,0,0
FWSLOD-2022-Loach pilot study,eDNA,37,3/21/2022,A1R,3,20220321A1R3,275,A1R,San Luis Wildlife Refuge,5/9/2022,Sample,March,2022,NA,2,40,PL,0,0
FWSLOD-2022-Loach pilot study,eDNA,48,3/21/2022,D3R,2,20220321D3R2,225,D3R,San Luis Wildlife Refuge,5/9/2022,Sample,March,2022,NA,1,40,PL,0,0
FWSLOD-2022-Loach pilot study,eDNA,37,3/21/2022,A1R,3,20220321A1R3,275,A1R,San Luis Wildlife Refuge,5/9/2022,Sample,March,2022,NA,3,40,PL,0,0
FWSLOD-2022-Loach pilot study,eDNA,46,3/21/2022,D6R,3,20220321D6R3,750,D6R,San Luis Wildlife Refuge,5/9/2022,Sample,March,2022,NA,2,40,PL,0,0
FWSLOD-2022-Loach pilot study,eDNA,42,3/21/2022,A6R,2,20220321A6R2,175,A6R,San Luis Wildlife Refuge,5/9/2022,Sample,March,2022,NA,1,40,PL,0,0
FWSLOD-2022-Loach pilot study,eDNA,53,3/21/2022,A3R,1,20220321A3R1,150,A3R,San Luis Wildlife Refuge,5/9/2022,Sample,March,2022,NA,2,40,PL,0,0
FWSLOD-2022-Loach pilot study,eDNA,53,3/21/2022,A3R,1,20220321A3R1,150,A3R,San Luis Wildlife Refuge,5/9/2022,Sample,March,2022,NA,1,40,PL,0,0
FWSLOD-2022-Loach pilot study,eDNA,34,3/21/2022,D1R,3,20220321D1R3,225,D1R,San Luis Wildlife Refuge,5/9/2022,Sample,March,2022,NA,3,40,PL,0,0
FWSLOD-2022-Loach pilot study,eDNA,54,3/21/2022,A3R,2,20220321A3R2,100,A3R,San Luis Wildlife Refuge,5/9/2022,Sample,March,2022,NA,2,40,PL,0,0
FWSLOD-2022-Loach pilot study,eDNA,50,3/21/2022,D4R,1,20220321D4R1,250,D4R,San Luis Wildlife Refuge,5/9/2022,Sample,March,2022,NA,1,40,PL,0,0
FWSLOD-2022-Loach pilot study,eDNA,51,3/21/2022,D4R,2,20220321D4R2,350,D4R,San Luis Wildlife Refuge,5/9/2022,Sample,March,2022,NA,2,40,PL,0,0
FWSLOD-2022-Loach pilot study,eDNA,55,3/21/2022,A3R,3,20220321A3R3,325,A3R,San Luis Wildlife Refuge,5/9/2022,Sample,March,2022,NA,1,40,PL,0,0
FWSLOD-2022-Loach pilot study,eDNA,38,3/21/2022,A4R,1,20220321A4R1,50,A4R,San Luis Wildlife Refuge,5/9/2022,Sample,March,2022,NA,1,40,PL,0,0
FWSLOD-2022-Loach pilot study,eDNA,57,3/21/2022,A7R,2,20220321A7R2,50,A7R,San Luis Wildlife Refuge,5/9/2022,Sample,March,2022,NA,2,40,PL,0,0
FWSLOD-2022-Loach pilot study,eDNA,48,3/21/2022,D3R,2,20220321D3R2,225,D3R,San Luis Wildlife Refuge,5/9/2022,Sample,March,2022,NA,2,40,PL,0,0
FWSLOD-2022-Loach pilot study,eDNA,44,3/21/2022,D6R,1,20220321D6R1,850,D6R,San Luis Wildlife Refuge,5/9/2022,Sample,March,2022,NA,1,40,PL,0,0
FWSLOD-2022-Loach pilot study,eDNA,58,3/21/2022,A7R,3,20220321A7R3,75,A7R,San Luis Wildlife Refuge,5/9/2022,Sample,March,2022,NA,1,40,PL,0,0
FWSLOD-2022-Loach pilot study,eDNA,40,3/21/2022,A4R,3,20220321A4R3,50,A4R,San Luis Wildlife Refuge,5/9/2022,Sample,March,2022,NA,2,40,PL,0,0
FWSLOD-2022-Loach pilot study,eDNA,40,3/21/2022,A4R,3,20220321A4R3,50,A4R,San Luis Wildlife Refuge,5/9/2022,Sample,March,2022,NA,3,40,PL,0,0
FWSLOD-2022-Loach pilot study,eDNA,46,3/21/2022,D6R,3,20220321D6R3,750,D6R,San Luis Wildlife Refuge,5/9/2022,Sample,March,2022,NA,1,40,PL,0,0
FWSLOD-2022-Loach pilot study,eDNA,42,3/21/2022,A6R,2,20220321A6R2,175,A6R,San Luis Wildlife Refuge,5/9/2022,Sample,March,2022,NA,2,40,PL,0,0
FWSLOD-2022-Loach pilot study,eDNA,43,3/21/2022,A6R,3,20220321A6R3,225,A6R,San Luis Wildlife Refuge,5/9/2022,Sample,March,2022,NA,2,40,PL,0,0
FWSLOD-2022-Loach pilot study,eDNA,43,3/21/2022,A6R,3,20220321A6R3,225,A6R,San Luis Wildlife Refuge,5/9/2022,Sample,March,2022,NA,3,40,PL,0,0
FWSLOD-2022-Loach pilot study,eDNA,30,3/21/2022,D2R,2,20220321D2R2,1075,D2R,San Luis Wildlife Refuge,5/9/2022,Sample,March,2022,NA,2,40,PL,0,0
FWSLOD-2022-Loach pilot study,eDNA,48,3/21/2022,D3R,2,20220321D3R2,225,D3R,San Luis Wildlife Refuge,5/9/2022,Sample,March,2022,NA,3,40,PL,0,0
FWSLOD-2022-Loach pilot study,eDNA,31,3/21/2022,D2R,3,20220321D2R3,1975,D2R,San Luis Wildlife Refuge,5/9/2022,Sample,March,2022,NA,2,40,PL,0,0
FWSLOD-2022-Loach pilot study,eDNA,57,3/21/2022,A7R,2,20220321A7R2,50,A7R,San Luis Wildlife Refuge,5/9/2022,Sample,March,2022,NA,1,40,PL,0,0
FWSLOD-2022-Loach pilot study,eDNA,47,3/21/2022,D3R,1,20220321D3R1,375,D3R,San Luis Wildlife Refuge,5/9/2022,Sample,March,2022,NA,1,40,PL,0,0
FWSLOD-2022-Loach pilot study,eDNA,45,3/21/2022,D6R,2,20220321D6R2,550,D6R,San Luis Wildlife Refuge,5/9/2022,Sample,March,2022,NA,3,40,PL,0,0
FWSLOD-2022-Loach pilot study,eDNA,49,3/21/2022,D3R,3,20220321D3R3,300,D3R,San Luis Wildlife Refuge,5/9/2022,Sample,March,2022,NA,2,40,PL,0,0
FWSLOD-2022-Loach pilot study,eDNA,51,3/21/2022,D4R,2,20220321D4R2,350,D4R,San Luis Wildlife Refuge,5/9/2022,Sample,March,2022,NA,1,40,PL,0,0
FWSLOD-2022-Loach pilot study,eDNA,77,3/28/2022,L12R,2,20220328L12R2,125,L12R,San Luis Wildlife Refuge,5/11/2022,Sample,March,2022,NA,2,40,LSL/FSL,0,0
FWSLOD-2022-Loach pilot study,eDNA,77,3/28/2022,L12R,2,20220328L12R2,125,L12R,San Luis Wildlife Refuge,5/11/2022,Sample,March,2022,NA,3,40,LSL/FSL,0,0
FWSLOD-2022-Loach pilot study,eDNA,78,3/28/2022,L12R,3,20220328L12R3,100,L12R,San Luis Wildlife Refuge,5/11/2022,Sample,March,2022,NA,1,40,LSL/FSL,0,0
FWSLOD-2022-Loach pilot study,eDNA,67,3/28/2022,L13R,1,20220328L13R1,600,L13R,San Luis Wildlife Refuge,5/11/2022,Sample,March,2022,NA,1,40,LSL/FSL,0,0
FWSLOD-2022-Loach pilot study,eDNA,68,3/28/2022,L13R,2,20220328L13R2,125,L13R,San Luis Wildlife Refuge,5/11/2022,Sample,March,2022,NA,1,40,LSL/FSL,0,0
FWSLOD-2022-Loach pilot study,eDNA,68,3/28/2022,L13R,2,20220328L13R2,125,L13R,San Luis Wildlife Refuge,5/11/2022,Sample,March,2022,NA,3,40,LSL/FSL,0,0
FWSLOD-2022-Loach pilot study,eDNA,69,3/28/2022,L13R,3,20220328L13R3,625,L13R,San Luis Wildlife Refuge,5/11/2022,Sample,March,2022,NA,2,40,LSL/FSL,0,0
FWSLOD-2022-Loach pilot study,eDNA,69,3/28/2022,L13R,3,20220328L13R3,625,L13R,San Luis Wildlife Refuge,5/11/2022,Sample,March,2022,NA,1,40,LSL/FSL,0,0
FWSLOD-2022-Loach pilot study,eDNA,76,3/28/2022,L12R,1,20220328L12R1,125,L12R,San Luis Wildlife Refuge,5/11/2022,Sample,March,2022,NA,1,40,LSL/FSL,0,0
FWSLOD-2022-Loach pilot study,eDNA,76,3/28/2022,L12R,1,20220328L12R1,125,L12R,San Luis Wildlife Refuge,5/11/2022,Sample,March,2022,NA,3,40,LSL/FSL,0,0
FWSLOD-2022-Loach pilot study,eDNA,60,3/28/2022,L17R,1,20220328L17R1,125,L17R,San Luis Wildlife Refuge,5/9/2022,Sample,March,2022,NA,3,40,LSL/FSL,0,0
FWSLOD-2022-Loach pilot study,eDNA,67,3/28/2022,L13R,1,20220328L13R1,600,L13R,San Luis Wildlife Refuge,5/11/2022,Sample,March,2022,NA,2,40,LSL/FSL,0,0
FWSLOD-2022-Loach pilot study,eDNA,60,3/28/2022,L17R,1,20220328L17R1,125,L17R,San Luis Wildlife Refuge,5/9/2022,Sample,March,2022,NA,2,40,LSL/FSL,0,0
FWSLOD-2022-Loach pilot study,eDNA,62,3/28/2022,L17R,2,20220328L17R2,125,L17R,San Luis Wildlife Refuge,5/11/2022,Sample,March,2022,NA,3,40,LSL/FSL,0,0
FWSLOD-2022-Loach pilot study,eDNA,62,3/28/2022,L17R,2,20220328L17R2,125,L17R,San Luis Wildlife Refuge,5/11/2022,Sample,March,2022,NA,1,40,LSL/FSL,0,0
FWSLOD-2022-Loach pilot study,eDNA,63,3/28/2022,L17R,3,20220328L17R3,125,L17R,San Luis Wildlife Refuge,5/11/2022,Sample,March,2022,NA,2,40,LSL/FSL,0,0
FWSLOD-2022-Loach pilot study,eDNA,63,3/28/2022,L17R,3,20220328L17R3,125,L17R,San Luis Wildlife Refuge,5/11/2022,Sample,March,2022,NA,1,40,LSL/FSL,0,0
FWSLOD-2022-Loach pilot study,eDNA,88,3/28/2022,L18R,1,20220328L18R1,250,L18R,San Luis Wildlife Refuge,5/11/2022,Sample,March,2022,NA,2,40,LSL/FSL,0,0
FWSLOD-2022-Loach pilot study,eDNA,88,3/28/2022,L18R,1,20220328L18R1,250,L18R,San Luis Wildlife Refuge,5/11/2022,Sample,March,2022,NA,1,40,LSL/FSL,0,0
FWSLOD-2022-Loach pilot study,eDNA,88,3/28/2022,L18R,1,20220328L18R1,250,L18R,San Luis Wildlife Refuge,5/11/2022,Sample,March,2022,NA,3,40,LSL/FSL,0,0
FWSLOD-2022-Loach pilot study,eDNA,89,3/28/2022,L18R,2,20220328L18R2,475,L18R,San Luis Wildlife Refuge,5/11/2022,Sample,March,2022,NA,3,40,LSL/FSL,0,0
FWSLOD-2022-Loach pilot study,eDNA,89,3/28/2022,L18R,2,20220328L18R2,475,L18R,San Luis Wildlife Refuge,5/11/2022,Sample,March,2022,NA,2,40,LSL/FSL,0,0
FWSLOD-2022-Loach pilot study,eDNA,89,3/28/2022,L18R,2,20220328L18R2,475,L18R,San Luis Wildlife Refuge,5/11/2022,Sample,March,2022,NA,1,40,LSL/FSL,0,0
FWSLOD-2022-Loach pilot study,eDNA,86,3/28/2022,L16R,2,20220328L16R2,100,L16R,San Luis Wildlife Refuge,5/11/2022,Sample,March,2022,NA,3,40,LSL/FSL,0,0
FWSLOD-2022-Loach pilot study,eDNA,90,3/28/2022,L18R,3,20220328L18R3,425,L18R,San Luis Wildlife Refuge,5/11/2022,Sample,March,2022,NA,2,40,LSL/FSL,0,0
FWSLOD-2022-Loach pilot study,eDNA,90,3/28/2022,L18R,3,20220328L18R3,425,L18R,San Luis Wildlife Refuge,5/11/2022,Sample,March,2022,NA,3,40,LSL/FSL,0,0
FWSLOD-2022-Loach pilot study,eDNA,90,3/28/2022,L18R,3,20220328L18R3,425,L18R,San Luis Wildlife Refuge,5/11/2022,Sample,March,2022,NA,1,40,LSL/FSL,0,0
FWSLOD-2022-Loach pilot study,eDNA,64,3/28/2022,L1R,1,20220328L1R1,300,L1R,San Luis Wildlife Refuge,5/11/2022,Sample,March,2022,NA,1,40,LSL/FSL,0,0
FWSLOD-2022-Loach pilot study,eDNA,64,3/28/2022,L1R,1,20220328L1R1,300,L1R,San Luis Wildlife Refuge,5/11/2022,Sample,March,2022,NA,3,40,LSL/FSL,0,0
FWSLOD-2022-Loach pilot study,eDNA,64,3/28/2022,L1R,1,20220328L1R1,300,L1R,San Luis Wildlife Refuge,5/11/2022,Sample,March,2022,NA,2,40,LSL/FSL,0,0
FWSLOD-2022-Loach pilot study,eDNA,65,3/28/2022,L1R,2,20220328L1R2,225,L1R,San Luis Wildlife Refuge,5/11/2022,Sample,March,2022,NA,3,40,LSL/FSL,0,0
FWSLOD-2022-Loach pilot study,eDNA,60,3/28/2022,L17R,1,20220328L17R1,125,L17R,San Luis Wildlife Refuge,5/9/2022,Sample,March,2022,NA,1,40,LSL/FSL,0,0
FWSLOD-2022-Loach pilot study,eDNA,65,3/28/2022,L1R,2,20220328L1R2,225,L1R,San Luis Wildlife Refuge,5/11/2022,Sample,March,2022,NA,2,40,LSL/FSL,0,0
FWSLOD-2022-Loach pilot study,eDNA,62,3/28/2022,L17R,2,20220328L17R2,125,L17R,San Luis Wildlife Refuge,5/11/2022,Sample,March,2022,NA,2,40,LSL/FSL,0,0
FWSLOD-2022-Loach pilot study,eDNA,65,3/28/2022,L1R,2,20220328L1R2,225,L1R,San Luis Wildlife Refuge,5/11/2022,Sample,March,2022,NA,1,40,LSL/FSL,0,0
FWSLOD-2022-Loach pilot study,eDNA,66,3/28/2022,L1R,3,20220328L1R3,200,L1R,San Luis Wildlife Refuge,5/11/2022,Sample,March,2022,NA,2,40,LSL/FSL,0,0
FWSLOD-2022-Loach pilot study,eDNA,66,3/28/2022,L1R,3,20220328L1R3,200,L1R,San Luis Wildlife Refuge,5/11/2022,Sample,March,2022,NA,1,40,LSL/FSL,0,0
FWSLOD-2022-Loach pilot study,eDNA,66,3/28/2022,L1R,3,20220328L1R3,200,L1R,San Luis Wildlife Refuge,5/11/2022,Sample,March,2022,NA,3,40,LSL/FSL,0,0
FWSLOD-2022-Loach pilot study,eDNA,74,3/28/2022,L11R,2,20220328L11R2,125,L11R,San Luis Wildlife Refuge,5/11/2022,Sample,March,2022,NA,1,40,LSL/FSL,0,0
FWSLOD-2022-Loach pilot study,eDNA,79,3/28/2022,L4R,1,20220328L4R1,100,L4R,San Luis Wildlife Refuge,5/11/2022,Sample,March,2022,NA,1,40,LSL/FSL,0,0
FWSLOD-2022-Loach pilot study,eDNA,79,3/28/2022,L4R,1,20220328L4R1,100,L4R,San Luis Wildlife Refuge,5/11/2022,Sample,March,2022,NA,2,40,LSL/FSL,0,0
FWSLOD-2022-Loach pilot study,eDNA,79,3/28/2022,L4R,1,20220328L4R1,100,L4R,San Luis Wildlife Refuge,5/11/2022,Sample,March,2022,NA,3,40,LSL/FSL,0,0
FWSLOD-2022-Loach pilot study,eDNA,74,3/28/2022,L11R,2,20220328L11R2,125,L11R,San Luis Wildlife Refuge,5/11/2022,Sample,March,2022,NA,3,40,LSL/FSL,0,0
FWSLOD-2022-Loach pilot study,eDNA,80,3/28/2022,L4R,2,20220328L4R2,100,L4R,San Luis Wildlife Refuge,5/11/2022,Sample,March,2022,NA,1,40,LSL/FSL,0,0
FWSLOD-2022-Loach pilot study,eDNA,80,3/28/2022,L4R,2,20220328L4R2,100,L4R,San Luis Wildlife Refuge,5/11/2022,Sample,March,2022,NA,2,40,LSL/FSL,0,0
FWSLOD-2022-Loach pilot study,eDNA,75,3/28/2022,L11R,3,20220328L11R3,150,L11R,San Luis Wildlife Refuge,5/11/2022,Sample,March,2022,NA,2,40,LSL/FSL,0,0
FWSLOD-2022-Loach pilot study,eDNA,80,3/28/2022,L4R,2,20220328L4R2,100,L4R,San Luis Wildlife Refuge,5/11/2022,Sample,March,2022,NA,3,40,LSL/FSL,0,0
FWSLOD-2022-Loach pilot study,eDNA,81,3/28/2022,L4R,3,20220328L4R3,125,L4R,San Luis Wildlife Refuge,5/11/2022,Sample,March,2022,NA,3,40,LSL/FSL,0,0
FWSLOD-2022-Loach pilot study,eDNA,81,3/28/2022,L4R,3,20220328L4R3,125,L4R,San Luis Wildlife Refuge,5/11/2022,Sample,March,2022,NA,1,40,LSL/FSL,0,0
FWSLOD-2022-Loach pilot study,eDNA,76,3/28/2022,L12R,1,20220328L12R1,125,L12R,San Luis Wildlife Refuge,5/11/2022,Sample,March,2022,NA,2,40,LSL/FSL,0,0
FWSLOD-2022-Loach pilot study,eDNA,82,3/28/2022,L5R,1,20220328L5R1,500,L5R,San Luis Wildlife Refuge,5/11/2022,Sample,March,2022,NA,3,40,LSL/FSL,0,0
FWSLOD-2022-Loach pilot study,eDNA,82,3/28/2022,L5R,1,20220328L5R1,500,L5R,San Luis Wildlife Refuge,5/11/2022,Sample,March,2022,NA,1,40,LSL/FSL,0,0
FWSLOD-2022-Loach pilot study,eDNA,77,3/28/2022,L12R,2,20220328L12R2,125,L12R,San Luis Wildlife Refuge,5/11/2022,Sample,March,2022,NA,1,40,LSL/FSL,0,0
FWSLOD-2022-Loach pilot study,eDNA,82,3/28/2022,L5R,1,20220328L5R1,500,L5R,San Luis Wildlife Refuge,5/11/2022,Sample,March,2022,NA,2,40,LSL/FSL,0,0
FWSLOD-2022-Loach pilot study,eDNA,83,3/28/2022,L5R,2,20220328L5R2,475,L5R,San Luis Wildlife Refuge,5/11/2022,Sample,March,2022,NA,1,40,LSL/FSL,0,0
FWSLOD-2022-Loach pilot study,eDNA,78,3/28/2022,L12R,3,20220328L12R3,100,L12R,San Luis Wildlife Refuge,5/11/2022,Sample,March,2022,NA,2,40,LSL/FSL,0,0
FWSLOD-2022-Loach pilot study,eDNA,83,3/28/2022,L5R,2,20220328L5R2,475,L5R,San Luis Wildlife Refuge,5/11/2022,Sample,March,2022,NA,2,40,LSL/FSL,0,0
FWSLOD-2022-Loach pilot study,eDNA,83,3/28/2022,L5R,2,20220328L5R2,475,L5R,San Luis Wildlife Refuge,5/11/2022,Sample,March,2022,NA,3,40,LSL/FSL,0,0
FWSLOD-2022-Loach pilot study,eDNA,78,3/28/2022,L12R,3,20220328L12R3,100,L12R,San Luis Wildlife Refuge,5/11/2022,Sample,March,2022,NA,3,40,LSL/FSL,0,0
FWSLOD-2022-Loach pilot study,eDNA,84,3/28/2022,L5R,3,20220328L5R3,450,L5R,San Luis Wildlife Refuge,5/11/2022,Sample,March,2022,NA,1,40,LSL/FSL,0,0
FWSLOD-2022-Loach pilot study,eDNA,84,3/28/2022,L5R,3,20220328L5R3,450,L5R,San Luis Wildlife Refuge,5/11/2022,Sample,March,2022,NA,2,40,LSL/FSL,0,0
FWSLOD-2022-Loach pilot study,eDNA,67,3/28/2022,L13R,1,20220328L13R1,600,L13R,San Luis Wildlife Refuge,5/11/2022,Sample,March,2022,NA,3,40,LSL/FSL,0,0
FWSLOD-2022-Loach pilot study,eDNA,84,3/28/2022,L5R,3,20220328L5R3,450,L5R,San Luis Wildlife Refuge,5/11/2022,Sample,March,2022,NA,3,40,LSL/FSL,0,0
FWSLOD-2022-Loach pilot study,eDNA,70,3/28/2022,L7R,1,20220328L7R1,250,L7R,San Luis Wildlife Refuge,5/11/2022,Sample,March,2022,NA,3,40,LSL/FSL,0,0
FWSLOD-2022-Loach pilot study,eDNA,68,3/28/2022,L13R,2,20220328L13R2,125,L13R,San Luis Wildlife Refuge,5/11/2022,Sample,March,2022,NA,2,40,LSL/FSL,0,0
FWSLOD-2022-Loach pilot study,eDNA,70,3/28/2022,L7R,1,20220328L7R1,250,L7R,San Luis Wildlife Refuge,5/11/2022,Sample,March,2022,NA,2,40,LSL/FSL,0,0
FWSLOD-2022-Loach pilot study,eDNA,70,3/28/2022,L7R,1,20220328L7R1,250,L7R,San Luis Wildlife Refuge,5/11/2022,Sample,March,2022,NA,1,40,LSL/FSL,0,0
FWSLOD-2022-Loach pilot study,eDNA,71,3/28/2022,L7R,2,20220328L7R2,550,L7R,San Luis Wildlife Refuge,5/11/2022,Sample,March,2022,NA,3,40,LSL/FSL,0,0
FWSLOD-2022-Loach pilot study,eDNA,69,3/28/2022,L13R,3,20220328L13R3,625,L13R,San Luis Wildlife Refuge,5/11/2022,Sample,March,2022,NA,3,40,LSL/FSL,0,0
FWSLOD-2022-Loach pilot study,eDNA,71,3/28/2022,L7R,2,20220328L7R2,550,L7R,San Luis Wildlife Refuge,5/11/2022,Sample,March,2022,NA,1,40,LSL/FSL,0,0
FWSLOD-2022-Loach pilot study,eDNA,71,3/28/2022,L7R,2,20220328L7R2,550,L7R,San Luis Wildlife Refuge,5/11/2022,Sample,March,2022,NA,2,40,LSL/FSL,0,0
FWSLOD-2022-Loach pilot study,eDNA,72,3/28/2022,L7R,3,20220328L7R3,575,L7R,San Luis Wildlife Refuge,5/11/2022,Sample,March,2022,NA,1,40,LSL/FSL,0,0
FWSLOD-2022-Loach pilot study,eDNA,72,3/28/2022,L7R,3,20220328L7R3,575,L7R,San Luis Wildlife Refuge,5/11/2022,Sample,March,2022,NA,3,40,LSL/FSL,0,0
FWSLOD-2022-Loach pilot study,eDNA,72,3/28/2022,L7R,3,20220328L7R3,575,L7R,San Luis Wildlife Refuge,5/11/2022,Sample,March,2022,NA,2,40,LSL/FSL,0,0
FWSLOD-2022-Loach pilot study,eDNA,81,3/28/2022,L4R,3,20220328L4R3,125,L4R,San Luis Wildlife Refuge,5/11/2022,Sample,March,2022,NA,2,40,LSL/FSL,0,0
FWSLOD-2022-Loach pilot study,eDNA,75,3/28/2022,L11R,3,20220328L11R3,150,L11R,San Luis Wildlife Refuge,5/11/2022,Sample,March,2022,NA,3,40,PL,0,0
FWSLOD-2022-Loach pilot study,eDNA,80,3/28/2022,L4R,2,20220328L4R2,100,L4R,San Luis Wildlife Refuge,5/11/2022,Sample,March,2022,NA,1,40,PL,0,0
FWSLOD-2022-Loach pilot study,eDNA,83,3/28/2022,L5R,2,20220328L5R2,475,L5R,San Luis Wildlife Refuge,5/11/2022,Sample,March,2022,NA,1,40,PL,0,0
FWSLOD-2022-Loach pilot study,eDNA,67,3/28/2022,L13R,1,20220328L13R1,600,L13R,San Luis Wildlife Refuge,5/11/2022,Sample,March,2022,NA,3,40,PL,0,0
FWSLOD-2022-Loach pilot study,eDNA,69,3/28/2022,L13R,3,20220328L13R3,625,L13R,San Luis Wildlife Refuge,5/11/2022,Sample,March,2022,NA,2,40,PL,0,0
FWSLOD-2022-Loach pilot study,eDNA,85,3/28/2022,L16R,1,20220328L16R1,100,L16R,San Luis Wildlife Refuge,5/11/2022,Sample,March,2022,NA,3,40,PL,0,0
FWSLOD-2022-Loach pilot study,eDNA,77,3/28/2022,L12R,2,20220328L12R2,125,L12R,San Luis Wildlife Refuge,5/11/2022,Sample,March,2022,NA,2,40,PL,0,0
FWSLOD-2022-Loach pilot study,eDNA,87,3/28/2022,L16R,3,20220328L16R3,75,L16R,San Luis Wildlife Refuge,5/11/2022,Sample,March,2022,NA,3,40,PL,0,0
FWSLOD-2022-Loach pilot study,eDNA,79,3/28/2022,L4R,1,20220328L4R1,100,L4R,San Luis Wildlife Refuge,5/11/2022,Sample,March,2022,NA,1,40,PL,0,0
FWSLOD-2022-Loach pilot study,eDNA,75,3/28/2022,L11R,3,20220328L11R3,150,L11R,San Luis Wildlife Refuge,5/11/2022,Sample,March,2022,NA,2,40,PL,0,0
FWSLOD-2022-Loach pilot study,eDNA,80,3/28/2022,L4R,2,20220328L4R2,100,L4R,San Luis Wildlife Refuge,5/11/2022,Sample,March,2022,NA,2,40,PL,0,0
FWSLOD-2022-Loach pilot study,eDNA,65,3/28/2022,L1R,2,20220328L1R2,225,L1R,San Luis Wildlife Refuge,5/11/2022,Sample,March,2022,NA,3,40,PL,0,0
FWSLOD-2022-Loach pilot study,eDNA,84,3/28/2022,L5R,3,20220328L5R3,450,L5R,San Luis Wildlife Refuge,5/11/2022,Sample,March,2022,NA,3,40,PL,0,0
FWSLOD-2022-Loach pilot study,eDNA,67,3/28/2022,L13R,1,20220328L13R1,600,L13R,San Luis Wildlife Refuge,5/11/2022,Sample,March,2022,NA,1,40,PL,0,0
FWSLOD-2022-Loach pilot study,eDNA,68,3/28/2022,L13R,2,20220328L13R2,125,L13R,San Luis Wildlife Refuge,5/11/2022,Sample,March,2022,NA,1,40,PL,0,0
FWSLOD-2022-Loach pilot study,eDNA,74,3/28/2022,L11R,2,20220328L11R2,125,L11R,San Luis Wildlife Refuge,5/11/2022,Sample,March,2022,NA,3,40,PL,0,0
FWSLOD-2022-Loach pilot study,eDNA,85,3/28/2022,L16R,1,20220328L16R1,100,L16R,San Luis Wildlife Refuge,5/11/2022,Sample,March,2022,NA,1,40,PL,0,0
FWSLOD-2022-Loach pilot study,eDNA,72,3/28/2022,L7R,3,20220328L7R3,575,L7R,San Luis Wildlife Refuge,5/11/2022,Sample,March,2022,NA,3,40,PL,0,0
FWSLOD-2022-Loach pilot study,eDNA,76,3/28/2022,L12R,1,20220328L12R1,125,L12R,San Luis Wildlife Refuge,5/11/2022,Sample,March,2022,NA,1,40,PL,0,0
FWSLOD-2022-Loach pilot study,eDNA,85,3/28/2022,L16R,1,20220328L16R1,100,L16R,San Luis Wildlife Refuge,5/11/2022,Sample,March,2022,NA,2,40,PL,0,0
FWSLOD-2022-Loach pilot study,eDNA,82,3/28/2022,L5R,1,20220328L5R1,500,L5R,San Luis Wildlife Refuge,5/11/2022,Sample,March,2022,NA,3,40,PL,0,0
FWSLOD-2022-Loach pilot study,eDNA,90,3/28/2022,L18R,3,20220328L18R3,425,L18R,San Luis Wildlife Refuge,5/11/2022,Sample,March,2022,NA,1,40,PL,0,0
FWSLOD-2022-Loach pilot study,eDNA,77,3/28/2022,L12R,2,20220328L12R2,125,L12R,San Luis Wildlife Refuge,5/11/2022,Sample,March,2022,NA,1,40,PL,0,0
FWSLOD-2022-Loach pilot study,eDNA,83,3/28/2022,L5R,2,20220328L5R2,475,L5R,San Luis Wildlife Refuge,5/11/2022,Sample,March,2022,NA,2,40,PL,0,0
FWSLOD-2022-Loach pilot study,eDNA,60,3/28/2022,L17R,1,20220328L17R1,125,L17R,San Luis Wildlife Refuge,5/9/2022,Sample,March,2022,NA,1,40,PL,0,0
FWSLOD-2022-Loach pilot study,eDNA,65,3/28/2022,L1R,2,20220328L1R2,225,L1R,San Luis Wildlife Refuge,5/11/2022,Sample,March,2022,NA,2,40,PL,0,0
FWSLOD-2022-Loach pilot study,eDNA,84,3/28/2022,L5R,3,20220328L5R3,450,L5R,San Luis Wildlife Refuge,5/11/2022,Sample,March,2022,NA,1,40,PL,0,0
FWSLOD-2022-Loach pilot study,eDNA,63,3/28/2022,L17R,3,20220328L17R3,125,L17R,San Luis Wildlife Refuge,5/11/2022,Sample,March,2022,NA,3,40,PL,0,0
FWSLOD-2022-Loach pilot study,eDNA,73,3/28/2022,L11R,1,20220328L11R1,125,L11R,San Luis Wildlife Refuge,5/11/2022,Sample,March,2022,NA,1,40,PL,0,0
FWSLOD-2022-Loach pilot study,eDNA,71,3/28/2022,L7R,2,20220328L7R2,550,L7R,San Luis Wildlife Refuge,5/11/2022,Sample,March,2022,NA,1,40,PL,0,0
FWSLOD-2022-Loach pilot study,eDNA,72,3/28/2022,L7R,3,20220328L7R3,575,L7R,San Luis Wildlife Refuge,5/11/2022,Sample,March,2022,NA,2,40,PL,0,0
FWSLOD-2022-Loach pilot study,eDNA,89,3/28/2022,L18R,2,20220328L18R2,475,L18R,San Luis Wildlife Refuge,5/11/2022,Sample,March,2022,NA,2,40,PL,0,0
FWSLOD-2022-Loach pilot study,eDNA,90,3/28/2022,L18R,3,20220328L18R3,425,L18R,San Luis Wildlife Refuge,5/11/2022,Sample,March,2022,NA,2,40,PL,0,0
FWSLOD-2022-Loach pilot study,eDNA,65,3/28/2022,L1R,2,20220328L1R2,225,L1R,San Luis Wildlife Refuge,5/11/2022,Sample,March,2022,NA,1,40,PL,0,0
FWSLOD-2022-Loach pilot study,eDNA,73,3/28/2022,L11R,1,20220328L11R1,125,L11R,San Luis Wildlife Refuge,5/11/2022,Sample,March,2022,NA,3,40,PL,0,0
FWSLOD-2022-Loach pilot study,eDNA,87,3/28/2022,L16R,3,20220328L16R3,75,L16R,San Luis Wildlife Refuge,5/11/2022,Sample,March,2022,NA,1,40,PL,0,0
FWSLOD-2022-Loach pilot study,eDNA,60,3/28/2022,L17R,1,20220328L17R1,125,L17R,San Luis Wildlife Refuge,5/9/2022,Sample,March,2022,NA,2,40,PL,0,0
FWSLOD-2022-Loach pilot study,eDNA,60,3/28/2022,L17R,1,20220328L17R1,125,L17R,San Luis Wildlife Refuge,5/9/2022,Sample,March,2022,NA,3,40,PL,0,0
FWSLOD-2022-Loach pilot study,eDNA,88,3/28/2022,L18R,1,20220328L18R1,250,L18R,San Luis Wildlife Refuge,5/11/2022,Sample,March,2022,NA,2,40,PL,0,0
FWSLOD-2022-Loach pilot study,eDNA,69,3/28/2022,L13R,3,20220328L13R3,625,L13R,San Luis Wildlife Refuge,5/11/2022,Sample,March,2022,NA,3,40,PL,0,0
FWSLOD-2022-Loach pilot study,eDNA,66,3/28/2022,L1R,3,20220328L1R3,200,L1R,San Luis Wildlife Refuge,5/11/2022,Sample,March,2022,NA,2,40,PL,0,0
FWSLOD-2022-Loach pilot study,eDNA,70,3/28/2022,L7R,1,20220328L7R1,250,L7R,San Luis Wildlife Refuge,5/11/2022,Sample,March,2022,NA,1,40,PL,0,0
FWSLOD-2022-Loach pilot study,eDNA,66,3/28/2022,L1R,3,20220328L1R3,200,L1R,San Luis Wildlife Refuge,5/11/2022,Sample,March,2022,NA,3,40,PL,0,0
FWSLOD-2022-Loach pilot study,eDNA,63,3/28/2022,L17R,3,20220328L17R3,125,L17R,San Luis Wildlife Refuge,5/11/2022,Sample,March,2022,NA,2,40,PL,0,0
FWSLOD-2022-Loach pilot study,eDNA,79,3/28/2022,L4R,1,20220328L4R1,100,L4R,San Luis Wildlife Refuge,5/11/2022,Sample,March,2022,NA,2,40,PL,0,0
FWSLOD-2022-Loach pilot study,eDNA,88,3/28/2022,L18R,1,20220328L18R1,250,L18R,San Luis Wildlife Refuge,5/11/2022,Sample,March,2022,NA,3,40,PL,0,0
FWSLOD-2022-Loach pilot study,eDNA,74,3/28/2022,L11R,2,20220328L11R2,125,L11R,San Luis Wildlife Refuge,5/11/2022,Sample,March,2022,NA,1,40,PL,0,0
FWSLOD-2022-Loach pilot study,eDNA,80,3/28/2022,L4R,2,20220328L4R2,100,L4R,San Luis Wildlife Refuge,5/11/2022,Sample,March,2022,NA,3,40,PL,0,0
FWSLOD-2022-Loach pilot study,eDNA,72,3/28/2022,L7R,3,20220328L7R3,575,L7R,San Luis Wildlife Refuge,5/11/2022,Sample,March,2022,NA,1,40,PL,0,0
FWSLOD-2022-Loach pilot study,eDNA,81,3/28/2022,L4R,3,20220328L4R3,125,L4R,San Luis Wildlife Refuge,5/11/2022,Sample,March,2022,NA,1,40,PL,0,0
FWSLOD-2022-Loach pilot study,eDNA,89,3/28/2022,L18R,2,20220328L18R2,475,L18R,San Luis Wildlife Refuge,5/11/2022,Sample,March,2022,NA,3,40,PL,0,0
FWSLOD-2022-Loach pilot study,eDNA,76,3/28/2022,L12R,1,20220328L12R1,125,L12R,San Luis Wildlife Refuge,5/11/2022,Sample,March,2022,NA,3,40,PL,0,0
FWSLOD-2022-Loach pilot study,eDNA,90,3/28/2022,L18R,3,20220328L18R3,425,L18R,San Luis Wildlife Refuge,5/11/2022,Sample,March,2022,NA,3,40,PL,0,0
FWSLOD-2022-Loach pilot study,eDNA,77,3/28/2022,L12R,2,20220328L12R2,125,L12R,San Luis Wildlife Refuge,5/11/2022,Sample,March,2022,NA,3,40,PL,0,0
FWSLOD-2022-Loach pilot study,eDNA,82,3/28/2022,L5R,1,20220328L5R1,500,L5R,San Luis Wildlife Refuge,5/11/2022,Sample,March,2022,NA,2,40,PL,0,0
FWSLOD-2022-Loach pilot study,eDNA,62,3/28/2022,L17R,2,20220328L17R2,125,L17R,San Luis Wildlife Refuge,5/11/2022,Sample,March,2022,NA,3,40,PL,0,0
FWSLOD-2022-Loach pilot study,eDNA,64,3/28/2022,L1R,1,20220328L1R1,300,L1R,San Luis Wildlife Refuge,5/11/2022,Sample,March,2022,NA,3,40,PL,0,0
FWSLOD-2022-Loach pilot study,eDNA,78,3/28/2022,L12R,3,20220328L12R3,100,L12R,San Luis Wildlife Refuge,5/11/2022,Sample,March,2022,NA,3,40,PL,0,0
FWSLOD-2022-Loach pilot study,eDNA,64,3/28/2022,L1R,1,20220328L1R1,300,L1R,San Luis Wildlife Refuge,5/11/2022,Sample,March,2022,NA,2,40,PL,0,0
FWSLOD-2022-Loach pilot study,eDNA,79,3/28/2022,L4R,1,20220328L4R1,100,L4R,San Luis Wildlife Refuge,5/11/2022,Sample,March,2022,NA,3,40,PL,0,0
FWSLOD-2022-Loach pilot study,eDNA,69,3/28/2022,L13R,3,20220328L13R3,625,L13R,San Luis Wildlife Refuge,5/11/2022,Sample,March,2022,NA,1,40,PL,0,0
FWSLOD-2022-Loach pilot study,eDNA,67,3/28/2022,L13R,1,20220328L13R1,600,L13R,San Luis Wildlife Refuge,5/11/2022,Sample,March,2022,NA,2,40,PL,0,0
FWSLOD-2022-Loach pilot study,eDNA,84,3/28/2022,L5R,3,20220328L5R3,450,L5R,San Luis Wildlife Refuge,5/11/2022,Sample,March,2022,NA,2,40,PL,0,0
FWSLOD-2022-Loach pilot study,eDNA,68,3/28/2022,L13R,2,20220328L13R2,125,L13R,San Luis Wildlife Refuge,5/11/2022,Sample,March,2022,NA,3,40,PL,0,0
FWSLOD-2022-Loach pilot study,eDNA,70,3/28/2022,L7R,1,20220328L7R1,250,L7R,San Luis Wildlife Refuge,5/11/2022,Sample,March,2022,NA,3,40,PL,0,0
FWSLOD-2022-Loach pilot study,eDNA,73,3/28/2022,L11R,1,20220328L11R1,125,L11R,San Luis Wildlife Refuge,5/11/2022,Sample,March,2022,NA,2,40,PL,0,0
FWSLOD-2022-Loach pilot study,eDNA,70,3/28/2022,L7R,1,20220328L7R1,250,L7R,San Luis Wildlife Refuge,5/11/2022,Sample,March,2022,NA,2,40,PL,0,0
FWSLOD-2022-Loach pilot study,eDNA,78,3/28/2022,L12R,3,20220328L12R3,100,L12R,San Luis Wildlife Refuge,5/11/2022,Sample,March,2022,NA,2,40,PL,0,0
FWSLOD-2022-Loach pilot study,eDNA,86,3/28/2022,L16R,2,20220328L16R2,100,L16R,San Luis Wildlife Refuge,5/11/2022,Sample,March,2022,NA,3,40,PL,0,0
FWSLOD-2022-Loach pilot study,eDNA,71,3/28/2022,L7R,2,20220328L7R2,550,L7R,San Luis Wildlife Refuge,5/11/2022,Sample,March,2022,NA,2,40,PL,0,0
FWSLOD-2022-Loach pilot study,eDNA,88,3/28/2022,L18R,1,20220328L18R1,250,L18R,San Luis Wildlife Refuge,5/11/2022,Sample,March,2022,NA,1,40,PL,0,0
FWSLOD-2022-Loach pilot study,eDNA,82,3/28/2022,L5R,1,20220328L5R1,500,L5R,San Luis Wildlife Refuge,5/11/2022,Sample,March,2022,NA,1,40,PL,0,0
FWSLOD-2022-Loach pilot study,eDNA,87,3/28/2022,L16R,3,20220328L16R3,75,L16R,San Luis Wildlife Refuge,5/11/2022,Sample,March,2022,NA,2,40,PL,0,0
FWSLOD-2022-Loach pilot study,eDNA,81,3/28/2022,L4R,3,20220328L4R3,125,L4R,San Luis Wildlife Refuge,5/11/2022,Sample,March,2022,NA,3,40,PL,0,0
FWSLOD-2022-Loach pilot study,eDNA,81,3/28/2022,L4R,3,20220328L4R3,125,L4R,San Luis Wildlife Refuge,5/11/2022,Sample,March,2022,NA,2,40,PL,0,0
FWSLOD-2022-Loach pilot study,eDNA,83,3/28/2022,L5R,2,20220328L5R2,475,L5R,San Luis Wildlife Refuge,5/11/2022,Sample,March,2022,NA,3,40,PL,0,0
FWSLOD-2022-Loach pilot study,eDNA,86,3/28/2022,L16R,2,20220328L16R2,100,L16R,San Luis Wildlife Refuge,5/11/2022,Sample,March,2022,NA,1,40,PL,0,0
FWSLOD-2022-Loach pilot study,eDNA,76,3/28/2022,L12R,1,20220328L12R1,125,L12R,San Luis Wildlife Refuge,5/11/2022,Sample,March,2022,NA,2,40,PL,0,0
FWSLOD-2022-Loach pilot study,eDNA,68,3/28/2022,L13R,2,20220328L13R2,125,L13R,San Luis Wildlife Refuge,5/11/2022,Sample,March,2022,NA,2,40,PL,0,0
FWSLOD-2022-Loach pilot study,eDNA,66,3/28/2022,L1R,3,20220328L1R3,200,L1R,San Luis Wildlife Refuge,5/11/2022,Sample,March,2022,NA,1,40,PL,0,0
FWSLOD-2022-Loach pilot study,eDNA,75,3/28/2022,L11R,3,20220328L11R3,150,L11R,San Luis Wildlife Refuge,5/11/2022,Sample,March,2022,NA,1,40,PL,0,0
FWSLOD-2022-Loach pilot study,eDNA,78,3/28/2022,L12R,3,20220328L12R3,100,L12R,San Luis Wildlife Refuge,5/11/2022,Sample,March,2022,NA,1,40,PL,0,0
FWSLOD-2022-Loach pilot study,eDNA,64,3/28/2022,L1R,1,20220328L1R1,300,L1R,San Luis Wildlife Refuge,5/11/2022,Sample,March,2022,NA,1,40,PL,0,0
FWSLOD-2022-Loach pilot study,eDNA,86,3/28/2022,L16R,2,20220328L16R2,100,L16R,San Luis Wildlife Refuge,5/11/2022,Sample,March,2022,NA,2,40,PL,0,0
FWSLOD-2022-Loach pilot study,eDNA,63,3/28/2022,L17R,3,20220328L17R3,125,L17R,San Luis Wildlife Refuge,5/11/2022,Sample,March,2022,NA,1,40,PL,0,0
FWSLOD-2022-Loach pilot study,eDNA,89,3/28/2022,L18R,2,20220328L18R2,475,L18R,San Luis Wildlife Refuge,5/11/2022,Sample,March,2022,NA,1,40,PL,0,0
FWSLOD-2022-Loach pilot study,eDNA,71,3/28/2022,L7R,2,20220328L7R2,550,L7R,San Luis Wildlife Refuge,5/11/2022,Sample,March,2022,NA,3,40,PL,0,0
FWSLOD-2022-Loach pilot study,eDNA,62,3/28/2022,L17R,2,20220328L17R2,125,L17R,San Luis Wildlife Refuge,5/11/2022,Sample,March,2022,NA,2,40,PL,0,0
FWSLOD-2022-Loach pilot study,eDNA,62,3/28/2022,L17R,2,20220328L17R2,125,L17R,San Luis Wildlife Refuge,5/11/2022,Sample,March,2022,NA,1,40,PL,0,0
FWSLOD-2022-Loach pilot study,eDNA,74,3/28/2022,L11R,2,20220328L11R2,125,L11R,San Luis Wildlife Refuge,5/11/2022,Sample,March,2022,NA,2,40,PL,0,0
